"Row.names","Condition","Phenotype","nTVC","nATM","migration.perturbed","orientation.perturbed","division.perturbed","TVC.contiguous","ATM.contiguous"
"Depdc.image1_right.2020_06_17","Depdc","orientation perturbed",4,2,FALSE,TRUE,FALSE,1,1
"Depdc.image1.2020_01_10","Depdc","orientation perturbed",4,2,FALSE,TRUE,FALSE,1,1
"Depdc.image10.2020_01_10","Depdc","orientation perturbed",4,2,FALSE,TRUE,FALSE,1,1
"Depdc.image11_left.2020_01_10","Depdc","orientation perturbed",4,2,FALSE,TRUE,FALSE,1,1
"Depdc.image11_right.2020_01_10","Depdc","WT",4,2,FALSE,FALSE,FALSE,1,1
"Depdc.image12.2020_01_10","Depdc","WT",4,2,FALSE,FALSE,FALSE,1,1
"Depdc.image13.2020_01_10","Depdc","orientation perturbed",4,2,FALSE,TRUE,FALSE,1,1
"Depdc.image14_right.2020_01_10","Depdc","orientation perturbed",4,2,FALSE,TRUE,FALSE,1,1
"Depdc.image15_left.2020_01_10","Depdc","orientation perturbed",4,2,FALSE,TRUE,FALSE,1,1
"Depdc.image16_left.2020_01_10","Depdc","orientation perturbed",4,2,FALSE,TRUE,FALSE,1,1
"Depdc.image16_right.2020_01_10","Depdc","WT",4,2,FALSE,FALSE,FALSE,1,1
"Depdc.image17_left.2020_01_10","Depdc","orientation perturbed",4,2,FALSE,TRUE,FALSE,1,1
"Depdc.image17_right.2020_01_10","Depdc","WT",4,2,FALSE,FALSE,FALSE,1,1
"Depdc.image18_left.2020_01_10","Depdc","orientation perturbed",4,2,FALSE,TRUE,FALSE,1,1
"Depdc.image18_right.2020_01_10","Depdc","orientation perturbed",4,2,FALSE,TRUE,FALSE,1,1
"Depdc.image19_right.2020_01_10","Depdc","orientation perturbed",4,2,FALSE,TRUE,FALSE,1,1
"Depdc.image2_right.2020_01_10","Depdc","WT",4,2,FALSE,FALSE,FALSE,1,1
"Depdc.image2.2020_06_17","Depdc","WT",4,2,FALSE,FALSE,FALSE,1,1
"Depdc.image20_left.2020_01_10","Depdc","WT",4,2,FALSE,FALSE,FALSE,1,1
"Depdc.image20_right.2020_01_10","Depdc","WT",4,2,FALSE,FALSE,FALSE,1,1
"Depdc.image21.2020_01_10","Depdc","orientation perturbed",4,2,FALSE,TRUE,FALSE,1,1
"Depdc.image22_left.2020_01_10","Depdc","WT",4,2,FALSE,FALSE,FALSE,1,1
"Depdc.image22_right.2020_01_10","Depdc","WT",4,2,FALSE,FALSE,FALSE,1,1
"Depdc.image3.2020_01_10","Depdc","WT",4,2,FALSE,FALSE,FALSE,1,1
"Depdc.image3.2020_06_17","Depdc","orientation perturbed",4,2,FALSE,TRUE,FALSE,1,1
"Depdc.image4_left.2020_06_17","Depdc","WT",4,2,FALSE,FALSE,FALSE,1,1
"Depdc.image4.2020_01_10","Depdc","orientation perturbed",4,2,FALSE,TRUE,FALSE,1,1
"Depdc.image5_left.2020_01_10","Depdc","WT",4,2,FALSE,FALSE,FALSE,1,1
"Depdc.image5_right.2020_01_10","Depdc","WT",4,2,FALSE,FALSE,FALSE,1,1
"Depdc.image6_right.2020_06_17","Depdc","WT",4,2,FALSE,FALSE,FALSE,1,1
"Depdc.image6.2020_01_10","Depdc","orientation perturbed",4,2,FALSE,TRUE,FALSE,1,1
"Depdc.image7_left.2020_01_10","Depdc","WT",4,2,FALSE,FALSE,FALSE,1,1
"Depdc.image7_right.2020_01_10","Depdc","WT",4,2,FALSE,FALSE,FALSE,1,1
"Depdc.image8_left.2020_01_10","Depdc","WT",4,2,FALSE,FALSE,FALSE,1,1
"Depdc.image8_right.2020_01_10","Depdc","WT",4,2,FALSE,FALSE,FALSE,1,1
"Depdc.image9_left.2020_01_10","Depdc","orientation perturbed",4,2,FALSE,TRUE,FALSE,1,1
"Depdc.image9_right.2020_01_10","Depdc","orientation perturbed",4,2,FALSE,TRUE,FALSE,1,1
"Depdc.slide1_image1.2020_02_06","Depdc","orientation perturbed",4,2,FALSE,TRUE,FALSE,1,1
"Depdc.slide1_image10.2019_08_29","Depdc","orientation perturbed",4,2,FALSE,TRUE,FALSE,1,1
"Depdc.slide1_image10.2020_02_06","Depdc","WT",4,2,FALSE,FALSE,FALSE,1,1
"Depdc.slide1_image11.2019_08_29","Depdc","orientation perturbed",4,2,FALSE,TRUE,FALSE,1,1
"Depdc.slide1_image11.2020_02_06","Depdc","migration/orientation perturbed",4,2,TRUE,TRUE,FALSE,1,1
"Depdc.slide1_image12.2019_08_29","Depdc","WT",4,2,FALSE,FALSE,FALSE,1,1
"Depdc.slide1_image12.2020_02_06","Depdc","orientation perturbed",4,2,FALSE,TRUE,FALSE,1,1
"Depdc.slide1_image13.2019_08_29","Depdc","orientation perturbed",4,2,FALSE,TRUE,FALSE,1,1
"Depdc.slide1_image13.2020_02_06","Depdc","orientation perturbed",4,2,FALSE,TRUE,FALSE,1,1
"Depdc.slide1_image14_left.2019_08_29","Depdc","orientation perturbed",4,2,FALSE,TRUE,FALSE,1,1
"Depdc.slide1_image14_right.2019_08_29","Depdc","WT",4,2,FALSE,FALSE,FALSE,1,1
"Depdc.slide1_image14.2020_02_06","Depdc","orientation perturbed",4,2,FALSE,TRUE,FALSE,1,1
"Depdc.slide1_image15_left.2020_02_06","Depdc","WT",4,2,FALSE,FALSE,FALSE,1,1
"Depdc.slide1_image15_right.2020_02_06","Depdc","orientation perturbed",4,2,FALSE,TRUE,FALSE,1,1
"Depdc.slide1_image15.2019_08_29","Depdc","WT",4,2,FALSE,FALSE,FALSE,1,1
"Depdc.slide1_image16_left.2019_08_29","Depdc","orientation perturbed",4,2,FALSE,TRUE,FALSE,1,1
"Depdc.slide1_image16_left.2020_02_06","Depdc","orientation perturbed",4,2,FALSE,TRUE,FALSE,1,1
"Depdc.slide1_image16_right.2019_08_29","Depdc","WT",4,2,FALSE,FALSE,FALSE,1,1
"Depdc.slide1_image16_right.2020_02_06","Depdc","WT",4,2,FALSE,FALSE,FALSE,1,1
"Depdc.slide1_image17_left.2020_02_06","Depdc","WT",4,2,FALSE,FALSE,FALSE,1,1
"Depdc.slide1_image17_right.2020_02_06","Depdc","WT",4,2,FALSE,FALSE,FALSE,1,1
"Depdc.slide1_image17.2019_08_29","Depdc","orientation perturbed",4,2,FALSE,TRUE,FALSE,1,1
"Depdc.slide1_image18_left.2020_02_06","Depdc","WT",4,2,FALSE,FALSE,FALSE,1,1
"Depdc.slide1_image18_right.2020_02_06","Depdc","orientation perturbed",4,2,FALSE,TRUE,FALSE,1,1
"Depdc.slide1_image18.2019_08_29","Depdc","orientation perturbed",4,2,FALSE,TRUE,FALSE,1,1
"Depdc.slide1_image19_left.2020_02_06","Depdc","orientation perturbed",4,2,FALSE,TRUE,FALSE,1,1
"Depdc.slide1_image19_right.2020_02_06","Depdc","WT",4,2,FALSE,FALSE,FALSE,1,1
"Depdc.slide1_image19.2019_08_29","Depdc","orientation perturbed",4,2,FALSE,TRUE,FALSE,1,1
"Depdc.slide1_image2.2020_02_06","Depdc","orientation perturbed",4,2,FALSE,TRUE,FALSE,1,1
"Depdc.slide1_image20_left.2019_08_29","Depdc","orientation perturbed",4,2,FALSE,TRUE,FALSE,1,1
"Depdc.slide1_image20_left.2020_02_06","Depdc","WT",4,2,FALSE,FALSE,FALSE,1,1
"Depdc.slide1_image20_right.2019_08_29","Depdc","WT",4,2,FALSE,FALSE,FALSE,1,1
"Depdc.slide1_image20_right.2020_02_06","Depdc","orientation perturbed",4,2,FALSE,TRUE,FALSE,1,1
"Depdc.slide1_image21_left.2019_08_29","Depdc","WT",4,2,FALSE,FALSE,FALSE,1,1
"Depdc.slide1_image21_right.2019_08_29","Depdc","orientation perturbed",4,2,FALSE,TRUE,FALSE,1,1
"Depdc.slide1_image22.2019_08_29","Depdc","orientation perturbed",4,2,FALSE,TRUE,FALSE,1,1
"Depdc.slide1_image23_right.2019_08_29","Depdc","orientation perturbed",4,2,FALSE,TRUE,FALSE,1,1
"Depdc.slide1_image24_left.2019_08_29","Depdc","orientation perturbed",4,2,FALSE,TRUE,FALSE,1,1
"Depdc.slide1_image24_right.2019_08_29","Depdc","WT",4,2,FALSE,FALSE,FALSE,1,1
"Depdc.slide1_image25_left.2019_08_29","Depdc","orientation perturbed",4,2,FALSE,TRUE,FALSE,1,1
"Depdc.slide1_image25_right.2019_08_29","Depdc","orientation perturbed",4,2,FALSE,TRUE,FALSE,1,1
"Depdc.slide1_image3_left.2019_08_29","Depdc","orientation perturbed",4,2,FALSE,TRUE,FALSE,1,1
"Depdc.slide1_image3_right.2019_08_29","Depdc","orientation perturbed",4,2,FALSE,TRUE,FALSE,1,1
"Depdc.slide1_image3.2020_02_06","Depdc","orientation perturbed",4,2,FALSE,TRUE,FALSE,1,1
"Depdc.slide1_image4_left.2020_02_06","Depdc","WT",4,2,FALSE,FALSE,FALSE,1,1
"Depdc.slide1_image4_right.2020_02_06","Depdc","WT",4,2,FALSE,FALSE,FALSE,1,1
"Depdc.slide1_image4.2019_08_29","Depdc","orientation perturbed",4,2,FALSE,TRUE,FALSE,1,1
"Depdc.slide1_image5.2019_08_29","Depdc","orientation perturbed",4,2,FALSE,TRUE,FALSE,1,1
"Depdc.slide1_image5.2020_02_06","Depdc","WT",4,2,FALSE,FALSE,FALSE,1,1
"Depdc.slide1_image6.2019_08_29","Depdc","orientation perturbed",4,2,FALSE,TRUE,FALSE,1,1
"Depdc.slide1_image6.2020_02_06","Depdc","WT",4,2,FALSE,FALSE,FALSE,1,1
"Depdc.slide1_image7_left.2020_02_06","Depdc","WT",4,2,FALSE,FALSE,FALSE,1,1
"Depdc.slide1_image7_right.2019_08_29","Depdc","WT",4,2,FALSE,FALSE,FALSE,1,1
"Depdc.slide1_image7_right.2020_02_06","Depdc","orientation perturbed",4,2,FALSE,TRUE,FALSE,1,1
"Depdc.slide1_image8_left.2019_08_29","Depdc","orientation perturbed",4,2,FALSE,TRUE,FALSE,1,1
"Depdc.slide1_image8_right.2019_08_29","Depdc","WT",4,2,FALSE,FALSE,FALSE,1,1
"Depdc.slide1_image8_right.2020_02_06","Depdc","WT",4,2,FALSE,FALSE,FALSE,1,1
"Depdc.slide1_image9_left.2019_08_29","Depdc","WT",4,2,FALSE,FALSE,FALSE,1,1
"Depdc.slide1_image9.2020_02_06","Depdc","orientation perturbed",4,2,FALSE,TRUE,FALSE,1,1
"Depdc.slide2_image1.2019_08_29","Depdc","orientation perturbed",4,2,FALSE,TRUE,FALSE,1,1
"Depdc.slide2_image1.2020_02_06","Depdc","orientation perturbed",4,2,FALSE,TRUE,FALSE,1,1
"Depdc.slide2_image10_left.2020_02_06","Depdc","WT",4,2,FALSE,FALSE,FALSE,1,1
"Depdc.slide2_image10_right.2019_08_29","Depdc","orientation perturbed",4,2,FALSE,TRUE,FALSE,1,1
"Depdc.slide2_image10_right.2020_02_06","Depdc","WT",4,2,FALSE,FALSE,FALSE,1,1
"Depdc.slide2_image11_left.2020_02_06","Depdc","orientation perturbed",4,2,FALSE,TRUE,FALSE,1,1
"Depdc.slide2_image11_right.2020_02_06","Depdc","WT",4,2,FALSE,FALSE,FALSE,1,1
"Depdc.slide2_image11.2019_08_29","Depdc","WT",4,2,FALSE,FALSE,FALSE,1,1
"Depdc.slide2_image12_left.2019_08_29","Depdc","WT",4,2,FALSE,FALSE,FALSE,1,1
"Depdc.slide2_image12_left.2020_02_06","Depdc","WT",4,2,FALSE,FALSE,FALSE,1,1
"Depdc.slide2_image12_right.2019_08_29","Depdc","orientation perturbed",4,2,FALSE,TRUE,FALSE,1,1
"Depdc.slide2_image12_right.2020_02_06","Depdc","WT",4,2,FALSE,FALSE,FALSE,1,1
"Depdc.slide2_image13.2019_08_29","Depdc","orientation perturbed",4,2,FALSE,TRUE,FALSE,1,1
"Depdc.slide2_image14.2019_08_29","Depdc","orientation perturbed",4,2,FALSE,TRUE,FALSE,1,1
"Depdc.slide2_image15.2019_08_29","Depdc","orientation perturbed",4,2,FALSE,TRUE,FALSE,1,1
"Depdc.slide2_image16.2019_08_29","Depdc","orientation perturbed",4,2,FALSE,TRUE,FALSE,1,1
"Depdc.slide2_image17.2019_08_29","Depdc","orientation perturbed",4,2,FALSE,TRUE,FALSE,1,1
"Depdc.slide2_image19_left.2019_08_29","Depdc","orientation perturbed",4,2,FALSE,TRUE,FALSE,1,1
"Depdc.slide2_image2_left.2019_08_29","Depdc","WT",4,2,FALSE,FALSE,FALSE,1,1
"Depdc.slide2_image2_left.2020_02_06","Depdc","orientation perturbed",4,2,FALSE,TRUE,FALSE,1,1
"Depdc.slide2_image2_right.2019_08_29","Depdc","orientation perturbed",4,2,FALSE,TRUE,FALSE,1,1
"Depdc.slide2_image2_right.2020_02_06","Depdc","orientation perturbed",4,2,FALSE,TRUE,FALSE,1,1
"Depdc.slide2_image20.2019_08_29","Depdc","orientation perturbed",4,2,FALSE,TRUE,FALSE,1,1
"Depdc.slide2_image21.2019_08_29","Depdc","orientation perturbed",4,2,FALSE,TRUE,FALSE,1,1
"Depdc.slide2_image3_right.2019_08_29","Depdc","orientation perturbed",4,2,FALSE,TRUE,FALSE,1,1
"Depdc.slide2_image3.2020_02_06","Depdc","WT",4,2,FALSE,FALSE,FALSE,1,1
"Depdc.slide2_image4.2020_02_06","Depdc","WT",4,2,FALSE,FALSE,FALSE,1,1
"Depdc.slide2_image5_left.2020_02_06","Depdc","WT",4,2,FALSE,FALSE,FALSE,1,1
"Depdc.slide2_image5_right.2020_02_06","Depdc",NA,4,2,NA,NA,NA,1,1
"Depdc.slide2_image5.2019_08_29","Depdc","orientation perturbed",4,2,FALSE,TRUE,FALSE,1,1
"Depdc.slide2_image6.2019_08_29","Depdc","orientation perturbed",4,2,FALSE,TRUE,FALSE,1,1
"Depdc.slide2_image6.2020_02_06","Depdc","orientation perturbed",4,2,FALSE,TRUE,FALSE,1,1
"Depdc.slide2_image7_left.2020_02_06","Depdc","WT",4,2,FALSE,FALSE,FALSE,1,1
"Depdc.slide2_image7_right.2020_02_06","Depdc","orientation perturbed",4,2,FALSE,TRUE,FALSE,1,1
"Depdc.slide2_image7.2019_08_29","Depdc","orientation perturbed",4,2,FALSE,TRUE,FALSE,1,1
"Depdc.slide2_image8.2019_08_29","Depdc","orientation perturbed",4,2,FALSE,TRUE,FALSE,1,1
"Depdc.slide2_image8.2020_02_06","Depdc","orientation perturbed",4,2,FALSE,TRUE,FALSE,1,1
"Depdc.slide2_image9.2019_08_29","Depdc","WT",4,2,FALSE,FALSE,FALSE,1,1
"Depdc.slide2_image9.2020_02_06","Depdc","migration/orientation perturbed",4,2,TRUE,TRUE,FALSE,1,1
"Eph.image1.2020_06_17","Eph","WT",4,2,FALSE,FALSE,FALSE,1,1
"Eph.image10_right.2020_06_17","Eph","WT",4,2,FALSE,FALSE,FALSE,1,1
"Eph.image11.2020_06_17","Eph","division/orientation perturbed",4,2,FALSE,TRUE,TRUE,1,1
"Eph.image12_left.2020_06_17","Eph","WT",4,2,FALSE,FALSE,FALSE,1,1
"Eph.image14.2020_06_17","Eph","WT",4,2,FALSE,FALSE,FALSE,1,1
"Eph.image16.2020_06_17","Eph",NA,4,2,NA,NA,NA,1,1
"Eph.image17_left.2020_06_17","Eph","WT",4,2,FALSE,FALSE,FALSE,1,1
"Eph.image17_right.2020_06_17","Eph","WT",4,2,FALSE,FALSE,FALSE,1,1
"Eph.image18_left.2020_06_17","Eph","WT",4,2,FALSE,FALSE,FALSE,1,1
"Eph.image18_right.2020_06_17","Eph","WT",4,2,FALSE,FALSE,FALSE,1,1
"Eph.image2.2020_06_17","Eph","WT",4,2,FALSE,FALSE,FALSE,1,1
"Eph.image20.2020_06_17","Eph","WT",4,2,FALSE,FALSE,FALSE,1,1
"Eph.image3.2020_06_17","Eph","WT",4,2,FALSE,FALSE,FALSE,1,1
"Eph.image4.2020_06_17","Eph","migration/orientation perturbed",4,2,TRUE,TRUE,FALSE,1,1
"Eph.image6.2020_06_17","Eph","WT",4,2,FALSE,FALSE,FALSE,1,1
"Eph.image9.2020_06_17","Eph","migration perturbed",4,2,TRUE,FALSE,FALSE,1,1
"Eph.slide1_image1_right.2020_02_06","Eph","WT",4,2,FALSE,FALSE,FALSE,1,1
"Eph.slide1_image10.2020_02_06","Eph","WT",4,2,FALSE,FALSE,FALSE,1,1
"Eph.slide1_image11.2020_02_06","Eph","WT",4,2,FALSE,FALSE,FALSE,1,1
"Eph.slide1_image12_right.2020_02_06","Eph","WT",4,2,FALSE,FALSE,FALSE,1,1
"Eph.slide1_image14.2020_02_06","Eph","orientation perturbed",4,2,FALSE,TRUE,FALSE,1,1
"Eph.slide1_image15.2020_02_06","Eph","WT",4,2,FALSE,FALSE,FALSE,1,1
"Eph.slide1_image18_left.2020_02_06","Eph","WT",4,2,FALSE,FALSE,FALSE,1,1
"Eph.slide1_image19_right.2020_02_06","Eph","WT",4,2,FALSE,FALSE,FALSE,1,1
"Eph.slide1_image22_left.2020_02_06","Eph","WT",4,2,FALSE,FALSE,FALSE,1,1
"Eph.slide1_image22_right.2020_02_06","Eph","WT",4,2,FALSE,FALSE,FALSE,1,1
"Eph.slide1_image25_left.2020_02_06","Eph","WT",4,2,FALSE,FALSE,FALSE,1,1
"Eph.slide1_image25_right.2020_02_06","Eph","WT",4,2,FALSE,FALSE,FALSE,1,1
"Eph.slide1_image26_left.2020_02_06","Eph","WT",4,2,FALSE,FALSE,FALSE,1,1
"Eph.slide1_image31_left.2020_02_06","Eph","WT",4,2,FALSE,FALSE,FALSE,1,1
"Eph.slide1_image31_right.2020_02_06","Eph","WT",4,2,FALSE,FALSE,FALSE,1,1
"Eph.slide1_image33_left.2020_02_06","Eph","WT",4,2,FALSE,FALSE,FALSE,1,1
"Eph.slide1_image5_right.2020_02_06","Eph","WT",4,2,FALSE,FALSE,FALSE,1,1
"Eph.slide1_image7_left.2020_02_06","Eph","WT",4,2,FALSE,FALSE,FALSE,1,1
"Eph.slide1_image9_left.2020_02_06","Eph","WT",4,2,FALSE,FALSE,FALSE,1,1
"Eph.slide2_image1_left.2020_02_06","Eph","WT",4,2,FALSE,FALSE,FALSE,1,1
"Eph.slide2_image1_right.2020_02_06","Eph","WT",4,2,FALSE,FALSE,FALSE,1,1
"Eph.slide2_image10.2020_02_06","Eph","WT",4,2,FALSE,FALSE,FALSE,1,1
"Eph.slide2_image13.2020_02_06","Eph","WT",4,2,FALSE,FALSE,FALSE,1,1
"Eph.slide2_image14_left.2020_02_06","Eph","WT",4,2,FALSE,FALSE,FALSE,1,1
"Eph.slide2_image14_right.2020_02_06","Eph","WT",4,2,FALSE,FALSE,FALSE,1,1
"Eph.slide2_image19_right.2020_02_06","Eph","WT",4,2,FALSE,FALSE,FALSE,1,1
"Eph.slide2_image20.2020_02_06","Eph","WT",4,2,FALSE,FALSE,FALSE,1,1
"Eph.slide2_image23_left.2020_02_06","Eph","WT",4,2,FALSE,FALSE,FALSE,1,1
"Eph.slide2_image23_right.2020_02_06","Eph","WT",4,2,FALSE,FALSE,FALSE,1,1
"Eph.slide2_image25_right.2020_02_06","Eph","WT",4,2,FALSE,FALSE,FALSE,1,1
"Eph.slide2_image27_left.2020_02_06","Eph","WT",4,2,FALSE,FALSE,FALSE,1,1
"Eph.slide2_image28_left.2020_02_06","Eph","WT",4,2,FALSE,FALSE,FALSE,1,1
"Eph.slide2_image28_right.2020_02_06","Eph","WT",4,2,FALSE,FALSE,FALSE,1,1
"Eph.slide2_image3.2020_02_06","Eph","WT",4,2,FALSE,FALSE,FALSE,1,1
"Eph.slide2_image4_left.2020_02_06","Eph","WT",4,2,FALSE,FALSE,FALSE,1,1
"Eph.slide2_image4_right.2020_02_06","Eph","WT",4,2,FALSE,FALSE,FALSE,1,1
"Eph.slide2_image5.2020_02_06","Eph","WT",4,2,FALSE,FALSE,FALSE,1,1
"Eph.slide2_image6.2020_02_06","Eph","WT",4,2,FALSE,FALSE,FALSE,1,1
"Eph.slide2_image7.2020_02_06","Eph","WT",4,2,FALSE,FALSE,FALSE,1,1
"Eph.slide2_image9.2020_02_06","Eph","orientation perturbed",4,2,FALSE,TRUE,FALSE,1,1
"Foxf.image1_right.2020_07_14","Foxf","WT",4,2,FALSE,FALSE,FALSE,1,1
"Foxf.image1.2020_07_23","Foxf","orientation perturbed",4,2,FALSE,TRUE,FALSE,1,1
"Foxf.image10_left.2020_07_14","Foxf","WT",4,2,FALSE,FALSE,FALSE,1,1
"Foxf.image10_left.2020_07_23","Foxf","orientation perturbed",4,2,FALSE,TRUE,FALSE,1,1
"Foxf.image10_right.2020_07_23","Foxf","orientation perturbed",4,2,FALSE,TRUE,FALSE,1,1
"Foxf.image10.2020_06_17","Foxf",NA,4,2,NA,NA,NA,1,1
"Foxf.image11.2020_06_17","Foxf",NA,4,2,NA,NA,NA,1,1
"Foxf.image11.2020_07_14","Foxf","WT",4,2,FALSE,FALSE,FALSE,1,1
"Foxf.image15_left.2020_06_17","Foxf",NA,4,2,NA,NA,NA,1,1
"Foxf.image15_right.2020_06_17","Foxf",NA,4,2,NA,NA,NA,1,1
"Foxf.image17_left.2020_06_17","Foxf",NA,4,2,NA,NA,NA,1,1
"Foxf.image19_left.2020_06_17","Foxf",NA,4,2,NA,NA,NA,1,1
"Foxf.image19_right.2020_06_17","Foxf",NA,4,2,NA,NA,NA,1,1
"Foxf.image2.2020_06_17","Foxf",NA,4,2,NA,NA,NA,1,1
"Foxf.image2.2020_07_14","Foxf","WT",4,2,FALSE,FALSE,FALSE,1,1
"Foxf.image3.2020_06_17","Foxf",NA,4,2,NA,NA,NA,1,1
"Foxf.image3.2020_07_14","Foxf","orientation perturbed",4,2,FALSE,TRUE,FALSE,1,1
"Foxf.image4.2020_06_17","Foxf",NA,4,2,NA,NA,NA,1,1
"Foxf.image4.2020_07_23","Foxf","orientation perturbed",4,2,FALSE,TRUE,FALSE,1,1
"Foxf.image5_right.2020_07_23","Foxf","orientation perturbed",4,2,FALSE,TRUE,FALSE,1,1
"Foxf.image5.2020_06_17","Foxf",NA,4,2,NA,NA,NA,1,1
"Foxf.image6.2020_06_17","Foxf",NA,4,2,NA,NA,NA,1,1
"Foxf.image7.2020_06_17","Foxf",NA,4,2,NA,NA,NA,1,1
"Foxf.image7.2020_07_14","Foxf","WT",4,2,FALSE,FALSE,FALSE,1,1
"Foxf.image7.2020_07_23","Foxf","WT",4,2,FALSE,FALSE,FALSE,1,1
"Foxf.image8.2020_07_14","Foxf","WT",4,2,FALSE,FALSE,FALSE,1,1
"Foxf.image9.2020_06_17","Foxf",NA,4,2,NA,NA,NA,1,1
"Foxf.image9.2020_07_23","Foxf","WT",4,2,FALSE,FALSE,FALSE,1,1
"Foxf.slide1_image1.2020_02_06","Foxf","orientation perturbed",4,2,FALSE,TRUE,FALSE,1,1
"Foxf.slide1_image11.2020_02_06","Foxf","WT",4,2,FALSE,FALSE,FALSE,1,1
"Foxf.slide1_image12.2020_02_06","Foxf","WT",4,2,FALSE,FALSE,FALSE,1,1
"Foxf.slide1_image14_left.2020_02_06","Foxf","orientation perturbed",4,2,FALSE,TRUE,FALSE,1,1
"Foxf.slide1_image15_right.2020_02_06","Foxf","migration/orientation perturbed",4,2,TRUE,TRUE,FALSE,1,1
"Foxf.slide1_image16.2020_02_06","Foxf","orientation perturbed",4,2,FALSE,TRUE,FALSE,1,1
"Foxf.slide1_image17.2020_02_06","Foxf","orientation perturbed",4,2,FALSE,TRUE,FALSE,1,1
"Foxf.slide1_image18.2020_02_06","Foxf","orientation perturbed",4,2,FALSE,TRUE,FALSE,1,1
"Foxf.slide1_image19.2020_02_06","Foxf","orientation perturbed",4,2,FALSE,TRUE,FALSE,1,1
"Foxf.slide1_image2.2020_02_06","Foxf","WT",4,2,FALSE,FALSE,FALSE,1,1
"Foxf.slide1_image20.2020_02_06","Foxf","orientation perturbed",4,2,FALSE,TRUE,FALSE,1,1
"Foxf.slide1_image21.2020_02_06","Foxf","orientation perturbed",4,2,FALSE,TRUE,FALSE,1,1
"Foxf.slide1_image22_left.2020_02_06","Foxf","migration/orientation perturbed",4,2,TRUE,TRUE,FALSE,1,1
"Foxf.slide1_image22_right.2020_02_06","Foxf","WT",4,2,FALSE,FALSE,FALSE,1,1
"Foxf.slide1_image3.2020_02_06","Foxf","WT",4,2,FALSE,FALSE,FALSE,1,1
"Foxf.slide1_image5.2020_02_06","Foxf","WT",4,2,FALSE,FALSE,FALSE,1,1
"Foxf.slide1_image6.2020_02_06","Foxf","WT",4,2,FALSE,FALSE,FALSE,1,1
"Foxf.slide1_image7.2020_02_06","Foxf","WT",4,2,FALSE,FALSE,FALSE,1,1
"Foxf.slide1_image8.2020_02_06","Foxf","orientation perturbed",4,2,FALSE,TRUE,FALSE,1,1
"Foxf.slide1_image9.2020_02_06","Foxf","WT",4,2,FALSE,FALSE,FALSE,1,1
"Foxf.slide2_image1.2020_02_06","Foxf","orientation perturbed",4,2,FALSE,TRUE,FALSE,1,1
"Foxf.slide2_image10.2020_02_06","Foxf","orientation perturbed",4,2,FALSE,TRUE,FALSE,1,1
"Foxf.slide2_image11.2020_02_06","Foxf","WT",4,2,FALSE,FALSE,FALSE,1,1
"Foxf.slide2_image12_left.2020_02_06","Foxf","orientation perturbed",4,2,FALSE,TRUE,FALSE,1,1
"Foxf.slide2_image12_right.2020_02_06","Foxf","orientation perturbed",4,2,FALSE,TRUE,FALSE,1,1
"Foxf.slide2_image13.2020_02_06","Foxf","orientation perturbed",4,2,FALSE,TRUE,FALSE,1,1
"Foxf.slide2_image14_left.2020_02_06","Foxf","WT",4,2,FALSE,FALSE,FALSE,1,1
"Foxf.slide2_image14_right.2020_02_06","Foxf","WT",4,2,FALSE,FALSE,FALSE,1,1
"Foxf.slide2_image15.2020_02_06","Foxf","orientation perturbed",4,2,FALSE,TRUE,FALSE,1,1
"Foxf.slide2_image16.2020_02_06","Foxf","migration/orientation perturbed",4,2,TRUE,TRUE,FALSE,1,1
"Foxf.slide2_image18.2020_02_06","Foxf","WT",4,2,FALSE,FALSE,FALSE,1,1
"Foxf.slide2_image19.2020_02_06","Foxf","WT",4,2,FALSE,FALSE,FALSE,1,1
"Foxf.slide2_image2.2020_02_06","Foxf","WT",4,2,FALSE,FALSE,FALSE,1,1
"Foxf.slide2_image20.2020_02_06","Foxf","WT",4,2,FALSE,FALSE,FALSE,1,1
"Foxf.slide2_image21.2020_02_06","Foxf","orientation perturbed",4,2,FALSE,TRUE,FALSE,1,1
"Foxf.slide2_image22.2020_02_06","Foxf","orientation perturbed",4,2,FALSE,TRUE,FALSE,1,1
"Foxf.slide2_image24.2020_02_06","Foxf","WT",4,2,FALSE,FALSE,FALSE,1,1
"Foxf.slide2_image25_left.2020_02_06","Foxf","orientation perturbed",4,2,FALSE,TRUE,FALSE,1,1
"Foxf.slide2_image26.2020_02_06","Foxf","orientation perturbed",4,2,FALSE,TRUE,FALSE,1,1
"Foxf.slide2_image27_left.2020_02_06","Foxf","orientation perturbed",4,2,FALSE,TRUE,FALSE,1,1
"Foxf.slide2_image28.2020_02_06","Foxf","orientation perturbed",4,2,FALSE,TRUE,FALSE,1,1
"Foxf.slide2_image29.2020_02_06","Foxf","WT",4,2,FALSE,FALSE,FALSE,1,1
"Foxf.slide2_image3_left.2020_02_06","Foxf","WT",4,2,FALSE,FALSE,FALSE,1,1
"Foxf.slide2_image30_right.2020_02_06","Foxf","orientation perturbed",4,2,FALSE,TRUE,FALSE,1,1
"Foxf.slide2_image31_left.2020_02_06","Foxf","orientation perturbed",4,2,FALSE,TRUE,FALSE,1,1
"Foxf.slide2_image32.2020_02_06","Foxf","migration/orientation perturbed",4,2,TRUE,TRUE,FALSE,1,1
"Foxf.slide2_image5.2020_02_06","Foxf","orientation perturbed",4,2,FALSE,TRUE,FALSE,1,1
"Foxf.slide2_image6.2020_02_06","Foxf","orientation perturbed",4,2,FALSE,TRUE,FALSE,1,1
"Foxf.slide2_image7.2020_02_06","Foxf","orientation perturbed",4,2,FALSE,TRUE,FALSE,1,1
"Foxf.slide2_image8.2020_02_06","Foxf","WT",4,2,FALSE,FALSE,FALSE,1,1
"Foxf.slide2_image9.2020_02_06","Foxf","orientation perturbed",4,2,FALSE,TRUE,FALSE,1,1
"Gata.image1.2020_06_17","Gata","WT",4,2,FALSE,FALSE,FALSE,1,1
"Gata.image2_right.2020_06_17","Gata","WT",4,2,FALSE,FALSE,FALSE,1,1
"Gata.image3.2020_06_17","Gata","WT",4,2,FALSE,FALSE,FALSE,1,1
"Gata.image3.2020_06_17.1","Gata",NA,4,2,NA,NA,NA,1,1
"Gata.image4_left.2020_06_17","Gata","WT",4,2,FALSE,FALSE,FALSE,1,1
"Gata.image4_right.2020_06_17","Gata","WT",4,2,FALSE,FALSE,FALSE,1,1
"Gata.image4.2020_06_17","Gata","division perturbed",4,2,FALSE,FALSE,TRUE,1,1
"Gata.image6_left.2020_06_17","Gata","WT",4,2,FALSE,FALSE,FALSE,1,1
"Gata.slide1_image1.2020_02_06","Gata","WT",4,2,FALSE,FALSE,FALSE,1,1
"Gata.slide1_image10_left.2020_02_06","Gata","WT",4,2,FALSE,FALSE,FALSE,1,1
"Gata.slide1_image10_right.2020_02_06","Gata","WT",4,2,FALSE,FALSE,FALSE,1,1
"Gata.slide1_image11_left.2020_02_06","Gata","WT",4,2,FALSE,FALSE,FALSE,1,1
"Gata.slide1_image11_right.2020_02_06","Gata","WT",4,2,FALSE,FALSE,FALSE,1,1
"Gata.slide1_image14_right.2020_02_06","Gata","orientation perturbed",4,2,FALSE,TRUE,FALSE,1,1
"Gata.slide1_image15_left.2020_02_06","Gata","WT",4,2,FALSE,FALSE,FALSE,1,1
"Gata.slide1_image15_right.2020_02_06","Gata","WT",4,2,FALSE,FALSE,FALSE,1,1
"Gata.slide1_image18_left.2020_02_06","Gata","WT",4,2,FALSE,FALSE,FALSE,1,1
"Gata.slide1_image2.2020_02_06","Gata","WT",4,2,FALSE,FALSE,FALSE,1,1
"Gata.slide1_image3_left.2020_02_06","Gata","WT",4,2,FALSE,FALSE,FALSE,1,1
"Gata.slide1_image3_right.2020_02_06","Gata","WT",4,2,FALSE,FALSE,FALSE,1,1
"Gata.slide1_image6_left.2020_02_06","Gata","WT",4,2,FALSE,FALSE,FALSE,1,1
"Gata.slide1_image6_right.2020_02_06","Gata","WT",4,2,FALSE,FALSE,FALSE,1,1
"Gata.slide1_image7_left.2020_02_06","Gata","WT",4,2,FALSE,FALSE,FALSE,1,1
"Gata.slide1_image7_right.2020_02_06","Gata","WT",4,2,FALSE,FALSE,FALSE,1,1
"Gata.slide2_image10.2020_02_06","Gata","WT",4,2,FALSE,FALSE,FALSE,1,1
"Gata.slide2_image12_left.2020_02_06","Gata","WT",4,2,FALSE,FALSE,FALSE,1,1
"Gata.slide2_image13.2020_02_06","Gata","WT",4,2,FALSE,FALSE,FALSE,1,1
"Gata.slide2_image14.2020_02_06","Gata","WT",4,2,FALSE,FALSE,FALSE,1,1
"Gata.slide2_image15_right.2020_02_06","Gata","WT",4,2,FALSE,FALSE,FALSE,1,1
"Gata.slide2_image16_left.2020_02_06","Gata","WT",4,2,FALSE,FALSE,FALSE,1,1
"Gata.slide2_image16_right.2020_02_06","Gata","WT",4,2,FALSE,FALSE,FALSE,1,1
"Gata.slide2_image19_left.2020_02_06","Gata","WT",4,2,FALSE,FALSE,FALSE,1,1
"Gata.slide2_image2_left.2020_02_06","Gata","orientation perturbed",4,2,FALSE,TRUE,FALSE,1,1
"Gata.slide2_image2_right.2020_02_06","Gata","orientation perturbed",4,2,FALSE,TRUE,FALSE,1,1
"Gata.slide2_image21.2020_02_06","Gata","WT",4,2,FALSE,FALSE,FALSE,1,1
"Gata.slide2_image22.2020_02_06","Gata","WT",4,2,FALSE,FALSE,FALSE,1,1
"Gata.slide2_image3_left.2020_02_06","Gata","orientation perturbed",4,2,FALSE,TRUE,FALSE,1,1
"Gata.slide2_image3_right.2020_02_06","Gata","WT",4,2,FALSE,FALSE,FALSE,1,1
"Gata.slide2_image4_left.2020_02_06","Gata","WT",4,2,FALSE,FALSE,FALSE,1,1
"Gata.slide2_image5.2020_02_06","Gata","WT",4,2,FALSE,FALSE,FALSE,1,1
"Gata.slide2_image7_left.2020_02_06","Gata","WT",4,2,FALSE,FALSE,FALSE,1,1
"Gata.slide2_image7_right.2020_02_06","Gata","WT",4,2,FALSE,FALSE,FALSE,1,1
"Gata.slide2_image8_left.2020_02_06","Gata","WT",4,2,FALSE,FALSE,FALSE,1,1
"Gata.slide2_image9.2020_02_06","Gata","WT",4,2,FALSE,FALSE,FALSE,1,1
"Rho.image1.2020_06_17","Rho","WT",4,2,FALSE,FALSE,FALSE,1,1
"Rho.image10_right.2020_06_17","Rho","WT",4,2,FALSE,FALSE,FALSE,1,1
"Rho.image12_left.2020_06_17","Rho","WT",4,2,FALSE,FALSE,FALSE,1,1
"Rho.image13_right.2020_06_17","Rho","WT",4,2,FALSE,FALSE,FALSE,1,1
"Rho.image14.2020_06_17","Rho","division perturbed",4,2,FALSE,FALSE,TRUE,1,1
"Rho.image15.2020_06_17","Rho","WT",4,2,FALSE,FALSE,FALSE,1,1
"Rho.image18.2020_06_17","Rho","WT",4,2,FALSE,FALSE,FALSE,1,1
"Rho.image19_left.2020_06_17","Rho","WT",4,2,FALSE,FALSE,FALSE,1,1
"Rho.image2_left.2020_06_17","Rho","orientation perturbed",4,2,FALSE,TRUE,FALSE,1,1
"Rho.image2_right.2020_06_17","Rho","orientation perturbed",4,2,FALSE,TRUE,FALSE,1,1
"Rho.image3.2020_06_17","Rho","WT",4,2,FALSE,FALSE,FALSE,1,1
"Rho.image4.2020_06_17","Rho","WT",4,2,FALSE,FALSE,FALSE,1,1
"Rho.image5.2020_06_17","Rho","WT",4,2,FALSE,FALSE,FALSE,1,1
"Rho.image7.2020_06_17","Rho","WT",4,2,FALSE,FALSE,FALSE,1,1
"Rho.image8.2020_06_17","Rho","WT",4,2,FALSE,FALSE,FALSE,1,1
"Rho.image9.2020_06_17","Rho","orientation perturbed",4,2,FALSE,TRUE,FALSE,1,1
"Rho.slide1_image10_left.2020_02_06","Rho","WT",4,2,FALSE,FALSE,FALSE,1,1
"Rho.slide1_image10_right.2020_02_06","Rho","WT",4,2,FALSE,FALSE,FALSE,1,1
"Rho.slide1_image12_left.2020_02_06","Rho","WT",4,2,FALSE,FALSE,FALSE,1,1
"Rho.slide1_image12_right.2020_02_06","Rho","WT",4,2,FALSE,FALSE,FALSE,1,1
"Rho.slide1_image14.2020_02_06","Rho","WT",4,2,FALSE,FALSE,FALSE,1,1
"Rho.slide1_image15_right.2020_02_06","Rho","WT",4,2,FALSE,FALSE,FALSE,1,1
"Rho.slide1_image16.2020_02_06","Rho","orientation perturbed",4,2,FALSE,TRUE,FALSE,1,1
"Rho.slide1_image18_left.2020_02_06","Rho","WT",4,2,FALSE,FALSE,FALSE,1,1
"Rho.slide1_image18_right.2020_02_06","Rho","WT",4,2,FALSE,FALSE,FALSE,1,1
"Rho.slide1_image19.2020_02_06","Rho","WT",4,2,FALSE,FALSE,FALSE,1,1
"Rho.slide1_image2.2020_02_06","Rho","WT",4,2,FALSE,FALSE,FALSE,1,1
"Rho.slide1_image20.2020_02_06","Rho","WT",4,2,FALSE,FALSE,FALSE,1,1
"Rho.slide1_image21.2020_02_06","Rho","WT",4,2,FALSE,FALSE,FALSE,1,1
"Rho.slide1_image22.2020_02_06","Rho","WT",4,2,FALSE,FALSE,FALSE,1,1
"Rho.slide1_image23.2020_02_06","Rho","WT",4,2,FALSE,FALSE,FALSE,1,1
"Rho.slide1_image30_left.2020_02_06","Rho","orientation perturbed",4,2,FALSE,TRUE,FALSE,1,1
"Rho.slide1_image31.2020_02_06","Rho","WT",4,2,FALSE,FALSE,FALSE,1,1
"Rho.slide1_image4.2020_02_06","Rho","WT",4,2,FALSE,FALSE,FALSE,1,1
"Rho.slide1_image5_left.2020_02_06","Rho","WT",4,2,FALSE,FALSE,FALSE,1,1
"Rho.slide1_image5_right.2020_02_06","Rho","WT",4,2,FALSE,FALSE,FALSE,1,1
"Rho.slide1_image6.2020_02_06","Rho","WT",4,2,FALSE,FALSE,FALSE,1,1
"Rho.slide1_image7.2020_02_06","Rho","WT",4,2,FALSE,FALSE,FALSE,1,1
"Rho.slide1_image8.2020_02_06","Rho","WT",4,2,FALSE,FALSE,FALSE,1,1
"Rho.slide1_image9.2020_02_06","Rho","WT",4,2,FALSE,FALSE,FALSE,1,1
"Rho.slide2_image10.2020_02_06","Rho","WT",4,2,FALSE,FALSE,FALSE,1,1
"Rho.slide2_image11.2020_02_06","Rho","WT",4,2,FALSE,FALSE,FALSE,1,1
"Rho.slide2_image12_right.2020_02_06","Rho","WT",4,2,FALSE,FALSE,FALSE,1,1
"Rho.slide2_image13_left.2020_02_06","Rho","WT",4,2,FALSE,FALSE,FALSE,1,1
"Rho.slide2_image14_left.2020_02_06","Rho","WT",4,2,FALSE,FALSE,FALSE,1,1
"Rho.slide2_image14_right.2020_02_06","Rho","WT",4,2,FALSE,FALSE,FALSE,1,1
"Rho.slide2_image16_left.2020_02_06","Rho","WT",4,2,FALSE,FALSE,FALSE,1,1
"Rho.slide2_image16_right.2020_02_06","Rho","WT",4,2,FALSE,FALSE,FALSE,1,1
"Rho.slide2_image17.2020_02_06","Rho","WT",4,2,FALSE,FALSE,FALSE,1,1
"Rho.slide2_image18.2020_02_06","Rho","WT",4,2,FALSE,FALSE,FALSE,1,1
"Rho.slide2_image20_right.2020_02_06","Rho","WT",4,2,FALSE,FALSE,FALSE,1,1
"Rho.slide2_image23_left.2020_02_06","Rho","WT",4,2,FALSE,FALSE,FALSE,1,1
"Rho.slide2_image23_right.2020_02_06","Rho","WT",4,2,FALSE,FALSE,FALSE,1,1
"Rho.slide2_image24.2020_02_06","Rho","WT",4,2,FALSE,FALSE,FALSE,1,1
"Rho.slide2_image25.2020_02_06","Rho","WT",4,2,FALSE,FALSE,FALSE,1,1
"Rho.slide2_image26.2020_02_06","Rho","WT",4,2,FALSE,FALSE,FALSE,1,1
"Rho.slide2_image3.2020_02_06","Rho","orientation perturbed",4,2,FALSE,TRUE,FALSE,1,1
"Rho.slide2_image4.2020_02_06","Rho","WT",4,2,FALSE,FALSE,FALSE,1,1
"Rho.slide2_image9.2020_02_06","Rho","orientation perturbed",4,2,FALSE,TRUE,FALSE,1,1
"Tyrosinase.image1_left.2020_06_17","Tyrosinase","WT",4,2,FALSE,FALSE,FALSE,1,1
"Tyrosinase.image1.2020_01_10","Tyrosinase","WT",4,2,FALSE,FALSE,FALSE,1,1
"Tyrosinase.image1.2020_07_23","Tyrosinase","WT",4,2,FALSE,FALSE,FALSE,1,1
"Tyrosinase.image10_right.2020_07_14","Tyrosinase","WT",4,2,FALSE,FALSE,FALSE,1,1
"Tyrosinase.image10.2020_01_10","Tyrosinase","WT",4,2,FALSE,FALSE,FALSE,1,1
"Tyrosinase.image10.2020_06_17","Tyrosinase","WT",4,2,FALSE,FALSE,FALSE,1,1
"Tyrosinase.image10.2020_07_23","Tyrosinase","WT",4,2,FALSE,FALSE,FALSE,1,1
"Tyrosinase.image11.2020_01_10","Tyrosinase","WT",4,2,FALSE,FALSE,FALSE,1,1
"Tyrosinase.image12.2020_01_10","Tyrosinase","WT",4,2,FALSE,FALSE,FALSE,1,1
"Tyrosinase.image12.2020_07_14","Tyrosinase","WT",4,2,FALSE,FALSE,FALSE,1,1
"Tyrosinase.image13.2020_07_14","Tyrosinase","WT",4,2,FALSE,FALSE,FALSE,1,1
"Tyrosinase.image14_left.2020_01_10","Tyrosinase","WT",4,2,FALSE,FALSE,FALSE,1,1
"Tyrosinase.image14_left.2020_07_14","Tyrosinase","WT",4,2,FALSE,FALSE,FALSE,1,1
"Tyrosinase.image14_right.2020_01_10","Tyrosinase","WT",4,2,FALSE,FALSE,FALSE,1,1
"Tyrosinase.image15_left.2020_01_10","Tyrosinase","WT",4,2,FALSE,FALSE,FALSE,1,1
"Tyrosinase.image15_left.2020_07_14","Tyrosinase","WT",4,2,FALSE,FALSE,FALSE,1,1
"Tyrosinase.image15_right.2020_01_10","Tyrosinase","WT",4,2,FALSE,FALSE,FALSE,1,1
"Tyrosinase.image15_right.2020_07_14","Tyrosinase","orientation perturbed",4,2,FALSE,TRUE,FALSE,1,1
"Tyrosinase.image16_left.2020_01_10","Tyrosinase","WT",4,2,FALSE,FALSE,FALSE,1,1
"Tyrosinase.image16_right.2020_01_10","Tyrosinase","WT",4,2,FALSE,FALSE,FALSE,1,1
"Tyrosinase.image17.2020_01_10","Tyrosinase","WT",4,2,FALSE,FALSE,FALSE,1,1
"Tyrosinase.image17.2020_07_14","Tyrosinase","orientation perturbed",4,2,FALSE,TRUE,FALSE,1,1
"Tyrosinase.image2.2020_01_10","Tyrosinase","WT",4,2,FALSE,FALSE,FALSE,1,1
"Tyrosinase.image2.2020_06_17","Tyrosinase","WT",4,2,FALSE,FALSE,FALSE,1,1
"Tyrosinase.image2.2020_07_14","Tyrosinase","WT",4,2,FALSE,FALSE,FALSE,1,1
"Tyrosinase.image3_left.2020_07_23","Tyrosinase","WT",4,2,FALSE,FALSE,FALSE,1,1
"Tyrosinase.image3_right.2020_06_17","Tyrosinase","WT",4,2,FALSE,FALSE,FALSE,1,1
"Tyrosinase.image3_right.2020_07_23","Tyrosinase","WT",4,2,FALSE,FALSE,FALSE,1,1
"Tyrosinase.image3.2020_01_10","Tyrosinase","WT",4,2,FALSE,FALSE,FALSE,1,1
"Tyrosinase.image3.2020_07_14","Tyrosinase","WT",4,2,FALSE,FALSE,FALSE,1,1
"Tyrosinase.image4.2020_06_17","Tyrosinase","WT",4,2,FALSE,FALSE,FALSE,1,1
"Tyrosinase.image5_left.2020_06_17","Tyrosinase","WT",4,2,FALSE,FALSE,FALSE,1,1
"Tyrosinase.image5_left.2020_07_14","Tyrosinase","WT",4,2,FALSE,FALSE,FALSE,1,1
"Tyrosinase.image5_right.2020_07_14","Tyrosinase","WT",4,2,FALSE,FALSE,FALSE,1,1
"Tyrosinase.image6_left.2020_01_10","Tyrosinase","WT",4,2,FALSE,FALSE,FALSE,1,1
"Tyrosinase.image6_left.2020_06_17","Tyrosinase","WT",4,2,FALSE,FALSE,FALSE,1,1
"Tyrosinase.image6_right.2020_01_10","Tyrosinase","WT",4,2,FALSE,FALSE,FALSE,1,1
"Tyrosinase.image6.2020_07_23","Tyrosinase","WT",4,2,FALSE,FALSE,FALSE,1,1
"Tyrosinase.image7_left.2020_07_14","Tyrosinase","WT",4,2,FALSE,FALSE,FALSE,1,1
"Tyrosinase.image7_right.2020_07_14","Tyrosinase","WT",4,2,FALSE,FALSE,FALSE,1,1
"Tyrosinase.image7.2020_01_10","Tyrosinase","WT",4,2,FALSE,FALSE,FALSE,1,1
"Tyrosinase.image7.2020_06_17","Tyrosinase","WT",4,2,FALSE,FALSE,FALSE,1,1
"Tyrosinase.image7.2020_07_23","Tyrosinase","WT",4,2,FALSE,FALSE,FALSE,1,1
"Tyrosinase.image8_left.2020_07_14","Tyrosinase","WT",4,2,FALSE,FALSE,FALSE,1,1
"Tyrosinase.image8.2020_01_10","Tyrosinase","WT",4,2,FALSE,FALSE,FALSE,1,1
"Tyrosinase.image8.2020_06_17","Tyrosinase","WT",4,2,FALSE,FALSE,FALSE,1,1
"Tyrosinase.image9_left.2020_07_14","Tyrosinase","WT",4,2,FALSE,FALSE,FALSE,1,1
"Tyrosinase.image9.2020_01_10","Tyrosinase","WT",4,2,FALSE,FALSE,FALSE,1,1
"Tyrosinase.image9.2020_06_17","Tyrosinase","WT",4,2,FALSE,FALSE,FALSE,1,1
"Tyrosinase.image9.2020_07_23","Tyrosinase","WT",4,2,FALSE,FALSE,FALSE,1,1
"Tyrosinase.slide1_image1.2020_02_06","Tyrosinase","WT",4,2,FALSE,FALSE,FALSE,1,1
"Tyrosinase.slide1_image10_left.2019_08_29","Tyrosinase","WT",4,2,FALSE,FALSE,FALSE,1,1
"Tyrosinase.slide1_image10_right.2019_08_29","Tyrosinase","WT",4,2,FALSE,FALSE,FALSE,1,1
"Tyrosinase.slide1_image11_left.2019_08_29","Tyrosinase","WT",4,2,FALSE,FALSE,FALSE,1,1
"Tyrosinase.slide1_image11_right.2019_08_29","Tyrosinase","WT",4,2,FALSE,FALSE,FALSE,1,1
"Tyrosinase.slide1_image12.2019_08_29","Tyrosinase","migration perturbed",4,2,TRUE,FALSE,FALSE,1,1
"Tyrosinase.slide1_image13.2019_08_29","Tyrosinase","WT",4,2,FALSE,FALSE,FALSE,1,1
"Tyrosinase.slide1_image14.2019_08_29","Tyrosinase","WT",4,2,FALSE,FALSE,FALSE,1,1
"Tyrosinase.slide1_image15.2019_08_29","Tyrosinase","WT",4,2,FALSE,FALSE,FALSE,1,1
"Tyrosinase.slide1_image16.2019_08_29","Tyrosinase","WT",4,2,FALSE,FALSE,FALSE,1,1
"Tyrosinase.slide1_image17.2019_08_29","Tyrosinase","WT",4,2,FALSE,FALSE,FALSE,1,1
"Tyrosinase.slide1_image18_left.2019_08_29","Tyrosinase","WT",4,2,FALSE,FALSE,FALSE,1,1
"Tyrosinase.slide1_image18_right.2019_08_29","Tyrosinase","WT",4,2,FALSE,FALSE,FALSE,1,1
"Tyrosinase.slide1_image19_left.2019_08_29","Tyrosinase","WT",4,2,FALSE,FALSE,FALSE,1,1
"Tyrosinase.slide1_image19_right.2019_08_29","Tyrosinase","WT",4,2,FALSE,FALSE,FALSE,1,1
"Tyrosinase.slide1_image2_left.2019_08_29","Tyrosinase","WT",4,2,FALSE,FALSE,FALSE,1,1
"Tyrosinase.slide1_image2_right.2019_08_29","Tyrosinase","WT",4,2,FALSE,FALSE,FALSE,1,1
"Tyrosinase.slide1_image20.2019_08_29","Tyrosinase","WT",4,2,FALSE,FALSE,FALSE,1,1
"Tyrosinase.slide1_image3_left.2019_08_29","Tyrosinase","WT",4,2,FALSE,FALSE,FALSE,1,1
"Tyrosinase.slide1_image3_right.2019_08_29","Tyrosinase","WT",4,2,FALSE,FALSE,FALSE,1,1
"Tyrosinase.slide1_image4_left.2019_08_29","Tyrosinase","WT",4,2,FALSE,FALSE,FALSE,1,1
"Tyrosinase.slide1_image4_right.2019_08_29","Tyrosinase","WT",4,2,FALSE,FALSE,FALSE,1,1
"Tyrosinase.slide1_image4.2020_02_06","Tyrosinase","WT",4,2,FALSE,FALSE,FALSE,1,1
"Tyrosinase.slide1_image5_left.2020_02_06","Tyrosinase","WT",4,2,FALSE,FALSE,FALSE,1,1
"Tyrosinase.slide1_image5_right.2020_02_06","Tyrosinase","WT",4,2,FALSE,FALSE,FALSE,1,1
"Tyrosinase.slide1_image5.2019_08_29","Tyrosinase","WT",4,2,FALSE,FALSE,FALSE,1,1
"Tyrosinase.slide1_image6_left.2020_02_06","Tyrosinase","WT",4,2,FALSE,FALSE,FALSE,1,1
"Tyrosinase.slide1_image6_right.2020_02_06","Tyrosinase","WT",4,2,FALSE,FALSE,FALSE,1,1
"Tyrosinase.slide1_image6.2019_08_29","Tyrosinase","WT",4,2,FALSE,FALSE,FALSE,1,1
"Tyrosinase.slide1_image7_left.2019_08_29","Tyrosinase","WT",4,2,FALSE,FALSE,FALSE,1,1
"Tyrosinase.slide1_image7_left.2020_02_06","Tyrosinase","WT",4,2,FALSE,FALSE,FALSE,1,1
"Tyrosinase.slide1_image7_right.2019_08_29","Tyrosinase","WT",4,2,FALSE,FALSE,FALSE,1,1
"Tyrosinase.slide1_image7_right.2020_02_06","Tyrosinase","migration perturbed",4,2,TRUE,FALSE,FALSE,1,1
"Tyrosinase.slide1_image8_left.2019_08_29","Tyrosinase","WT",4,2,FALSE,FALSE,FALSE,1,1
"Tyrosinase.slide1_image8_left.2020_02_06","Tyrosinase","WT",4,2,FALSE,FALSE,FALSE,1,1
"Tyrosinase.slide1_image8_right.2019_08_29","Tyrosinase","WT",4,2,FALSE,FALSE,FALSE,1,1
"Tyrosinase.slide1_image8_right.2020_02_06","Tyrosinase","WT",4,2,FALSE,FALSE,FALSE,1,1
"Tyrosinase.slide1_image9_left.2019_08_29","Tyrosinase","WT",4,2,FALSE,FALSE,FALSE,1,1
"Tyrosinase.slide1_image9_right.2019_08_29","Tyrosinase","WT",4,2,FALSE,FALSE,FALSE,1,1
"Tyrosinase.slide2_image1.2019_08_29","Tyrosinase","WT",4,2,FALSE,FALSE,FALSE,1,1
"Tyrosinase.slide2_image1.2020_02_06","Tyrosinase","WT",4,2,FALSE,FALSE,FALSE,1,1
"Tyrosinase.slide2_image10_left.2020_02_06","Tyrosinase","WT",4,2,FALSE,FALSE,FALSE,1,1
"Tyrosinase.slide2_image10.2019_08_29","Tyrosinase","orientation perturbed",4,2,FALSE,TRUE,FALSE,1,1
"Tyrosinase.slide2_image11_left.2020_02_06","Tyrosinase","WT",4,2,FALSE,FALSE,FALSE,1,1
"Tyrosinase.slide2_image11_right.2020_02_06","Tyrosinase","WT",4,2,FALSE,FALSE,FALSE,1,1
"Tyrosinase.slide2_image11.2019_08_29","Tyrosinase","WT",4,2,FALSE,FALSE,FALSE,1,1
"Tyrosinase.slide2_image12_left.2020_02_06","Tyrosinase","WT",4,2,FALSE,FALSE,FALSE,1,1
"Tyrosinase.slide2_image12_right.2020_02_06","Tyrosinase","WT",4,2,FALSE,FALSE,FALSE,1,1
"Tyrosinase.slide2_image13_left.2020_02_06","Tyrosinase","WT",4,2,FALSE,FALSE,FALSE,1,1
"Tyrosinase.slide2_image13_right.2020_02_06","Tyrosinase","WT",4,2,FALSE,FALSE,FALSE,1,1
"Tyrosinase.slide2_image13.2019_08_29","Tyrosinase","WT",4,2,FALSE,FALSE,FALSE,1,1
"Tyrosinase.slide2_image14.2019_08_29","Tyrosinase","WT",4,2,FALSE,FALSE,FALSE,1,1
"Tyrosinase.slide2_image14.2020_02_06","Tyrosinase","WT",4,2,FALSE,FALSE,FALSE,1,1
"Tyrosinase.slide2_image15.2019_08_29","Tyrosinase","WT",4,2,FALSE,FALSE,FALSE,1,1
"Tyrosinase.slide2_image15.2020_02_06","Tyrosinase","WT",4,2,FALSE,FALSE,FALSE,1,1
"Tyrosinase.slide2_image16_right.2019_08_29","Tyrosinase","WT",4,2,FALSE,FALSE,FALSE,1,1
"Tyrosinase.slide2_image17.2019_08_29","Tyrosinase","WT",4,2,FALSE,FALSE,FALSE,1,1
"Tyrosinase.slide2_image18_left.2019_08_29","Tyrosinase","WT",4,2,FALSE,FALSE,FALSE,1,1
"Tyrosinase.slide2_image18_right.2019_08_29","Tyrosinase","WT",4,2,FALSE,FALSE,FALSE,1,1
"Tyrosinase.slide2_image19.2019_08_29","Tyrosinase","WT",4,2,FALSE,FALSE,FALSE,1,1
"Tyrosinase.slide2_image2_left.2020_02_06","Tyrosinase","WT",4,2,FALSE,FALSE,FALSE,1,1
"Tyrosinase.slide2_image20.2019_08_29","Tyrosinase","WT",4,2,FALSE,FALSE,FALSE,1,1
"Tyrosinase.slide2_image21.2019_08_29","Tyrosinase","WT",4,2,FALSE,FALSE,FALSE,1,1
"Tyrosinase.slide2_image22_left.2019_08_29","Tyrosinase","WT",4,2,FALSE,FALSE,FALSE,1,1
"Tyrosinase.slide2_image22_right.2019_08_29","Tyrosinase","WT",4,2,FALSE,FALSE,FALSE,1,1
"Tyrosinase.slide2_image23_left.2019_08_29","Tyrosinase","WT",4,2,FALSE,FALSE,FALSE,1,1
"Tyrosinase.slide2_image23_right.2019_08_29","Tyrosinase","WT",4,2,FALSE,FALSE,FALSE,1,1
"Tyrosinase.slide2_image3.2019_08_29","Tyrosinase","WT",4,2,FALSE,FALSE,FALSE,1,1
"Tyrosinase.slide2_image3.2020_02_06","Tyrosinase","WT",4,2,FALSE,FALSE,FALSE,1,1
"Tyrosinase.slide2_image4_left.2019_08_29","Tyrosinase","WT",4,2,FALSE,FALSE,FALSE,1,1
"Tyrosinase.slide2_image4_right.2019_08_29","Tyrosinase","WT",4,2,FALSE,FALSE,FALSE,1,1
"Tyrosinase.slide2_image4.2020_02_06","Tyrosinase","WT",4,2,FALSE,FALSE,FALSE,1,1
"Tyrosinase.slide2_image5_left.2020_02_06","Tyrosinase","WT",4,2,FALSE,FALSE,FALSE,1,1
"Tyrosinase.slide2_image5_right.2020_02_06","Tyrosinase","WT",4,2,FALSE,FALSE,FALSE,1,1
"Tyrosinase.slide2_image6_left.2020_02_06","Tyrosinase","orientation perturbed",4,2,FALSE,TRUE,FALSE,1,1
"Tyrosinase.slide2_image6_right.2020_02_06","Tyrosinase","WT",4,2,FALSE,FALSE,FALSE,1,1
"Tyrosinase.slide2_image7.2020_02_06","Tyrosinase","WT",4,2,FALSE,FALSE,FALSE,1,1
"Tyrosinase.slide2_image8.2020_02_06","Tyrosinase","WT",4,2,FALSE,FALSE,FALSE,1,1
"Tyrosinase.slide2_image9_left.2019_08_29","Tyrosinase","WT",4,2,FALSE,FALSE,FALSE,1,1
"Tyrosinase.slide2_image9_right.2019_08_29","Tyrosinase","WT",4,2,FALSE,FALSE,FALSE,1,1
"Tyrosinase.slide2_image9.2020_02_06","Tyrosinase","WT",4,2,FALSE,FALSE,FALSE,1,1
"X10C.Rab5.image1.2020_07_14","X10C","WT",4,2,FALSE,FALSE,FALSE,1,1
"X10C.Rab5.image10.2020_07_14","X10C","WT",4,2,FALSE,FALSE,FALSE,1,1
"X10C.Rab5.image11.2020_07_14","X10C","WT",4,2,FALSE,FALSE,FALSE,1,1
"X10C.Rab5.image12.2020_07_14","X10C","WT",4,2,FALSE,FALSE,FALSE,1,1
"X10C.Rab5.image13_left.2020_07_14","X10C","WT",4,2,FALSE,FALSE,FALSE,1,1
"X10C.Rab5.image13_right.2020_07_14","X10C","WT",4,2,FALSE,FALSE,FALSE,1,1
"X10C.Rab5.image14.2020_07_14","X10C","WT",4,2,FALSE,FALSE,FALSE,1,1
"X10C.Rab5.image15_left.2020_07_14","X10C","WT",4,2,FALSE,FALSE,FALSE,1,1
"X10C.Rab5.image17_left.2020_07_14","X10C","WT",4,2,FALSE,FALSE,FALSE,1,1
"X10C.Rab5.image18.2020_07_14","X10C","WT",4,2,FALSE,FALSE,FALSE,1,1
"X10C.Rab5.image19.2020_07_14","X10C","WT",4,2,FALSE,FALSE,FALSE,1,1
"X10C.Rab5.image20_left.2020_07_14","X10C","WT",4,2,FALSE,FALSE,FALSE,1,1
"X10C.Rab5.image20_right.2020_07_14","X10C","WT",4,2,FALSE,FALSE,FALSE,1,1
"X10C.Rab5.image3.2020_07_14","X10C","WT",4,2,FALSE,FALSE,FALSE,1,1
"X10C.Rab5.image4.2020_07_14","X10C","WT",4,2,FALSE,FALSE,FALSE,1,1
"X10C.Rab5.image5_left.2020_07_14","X10C","WT",4,2,FALSE,FALSE,FALSE,1,1
"X10C.Rab5.image6.2020_07_14","X10C","WT",4,2,FALSE,FALSE,FALSE,1,1
"X10C.Rab5.image8_right.2020_07_14","X10C","WT",4,2,FALSE,FALSE,FALSE,1,1
"X10C.Rab5.image9.2020_07_14","X10C","WT",4,2,FALSE,FALSE,FALSE,1,1
"X11B.Dync2h.image1_right.2020_06_17","X11B","WT",4,2,FALSE,FALSE,FALSE,1,1
"X11B.Dync2h.image10.2020_06_17","X11B","WT",4,2,FALSE,FALSE,FALSE,1,1
"X11B.Dync2h.image11_left.2020_06_17","X11B","WT",4,2,FALSE,FALSE,FALSE,1,1
"X11B.Dync2h.image11_right.2020_06_17","X11B","WT",4,2,FALSE,FALSE,FALSE,1,1
"X11B.Dync2h.image12.2020_06_17","X11B","division perturbed",4,2,FALSE,FALSE,TRUE,1,1
"X11B.Dync2h.image19_right.2020_06_17","X11B","WT",4,2,FALSE,FALSE,FALSE,1,1
"X11B.Dync2h.image2.2020_06_17","X11B","WT",4,2,FALSE,FALSE,FALSE,1,1
"X11B.Dync2h.image7.2020_06_17","X11B","WT",4,2,FALSE,FALSE,FALSE,1,1
"X11B.Dync2h.image8.2020_06_17","X11B","migration perturbed",4,2,TRUE,FALSE,FALSE,1,1
"X11B.Dync2h.image9_right.2020_06_17","X11B","WT",4,2,FALSE,FALSE,FALSE,1,1
"X11E.Arhgef8.image1_left.2020_01_10","X11E","orientation perturbed",4,2,FALSE,TRUE,FALSE,1,1
"X11E.Arhgef8.image1_right.2020_01_10","X11E","WT",4,2,FALSE,FALSE,FALSE,1,1
"X11E.Arhgef8.image10_left.2020_01_10","X11E","orientation perturbed",4,2,FALSE,TRUE,FALSE,1,1
"X11E.Arhgef8.image10_right.2020_01_10","X11E","WT",4,2,FALSE,FALSE,FALSE,1,1
"X11E.Arhgef8.image11_left.2020_01_10","X11E","orientation perturbed",4,2,FALSE,TRUE,FALSE,1,1
"X11E.Arhgef8.image11_right.2020_01_10","X11E","WT",4,2,FALSE,FALSE,FALSE,1,1
"X11E.Arhgef8.image12.2020_01_10","X11E","WT",4,2,FALSE,FALSE,FALSE,1,1
"X11E.Arhgef8.image13_left.2020_01_10","X11E","WT",4,2,FALSE,FALSE,FALSE,1,1
"X11E.Arhgef8.image13_right.2020_01_10","X11E","WT",4,2,FALSE,FALSE,FALSE,1,1
"X11E.Arhgef8.image14.2020_01_10","X11E","WT",4,2,FALSE,FALSE,FALSE,1,1
"X11E.Arhgef8.image15.2020_01_10","X11E","WT",4,2,FALSE,FALSE,FALSE,1,1
"X11E.Arhgef8.image17_left.2020_01_10","X11E","WT",4,2,FALSE,FALSE,FALSE,1,1
"X11E.Arhgef8.image17_right.2020_01_10","X11E","WT",4,2,FALSE,FALSE,FALSE,1,1
"X11E.Arhgef8.image18.2020_01_10","X11E","orientation perturbed",4,2,FALSE,TRUE,FALSE,1,1
"X11E.Arhgef8.image19.2020_01_10","X11E","WT",4,2,FALSE,FALSE,FALSE,1,1
"X11E.Arhgef8.image2_left.2020_01_10","X11E","WT",4,2,FALSE,FALSE,FALSE,1,1
"X11E.Arhgef8.image2_right.2020_01_10","X11E","orientation perturbed",4,2,FALSE,TRUE,FALSE,1,1
"X11E.Arhgef8.image3_left.2020_01_10","X11E","WT",4,2,FALSE,FALSE,FALSE,1,1
"X11E.Arhgef8.image3_right.2020_01_10","X11E","WT",4,2,FALSE,FALSE,FALSE,1,1
"X11E.Arhgef8.image4_left.2020_01_10","X11E","WT",4,2,FALSE,FALSE,FALSE,1,1
"X11E.Arhgef8.image4_right.2020_01_10","X11E","WT",4,2,FALSE,FALSE,FALSE,1,1
"X11E.Arhgef8.image5.2020_01_10","X11E","WT",4,2,FALSE,FALSE,FALSE,1,1
"X11E.Arhgef8.image6.2020_01_10","X11E","orientation perturbed",4,2,FALSE,TRUE,FALSE,1,1
"X11E.Arhgef8.image7.2020_01_10","X11E","WT",4,2,FALSE,FALSE,FALSE,1,1
"X11E.Arhgef8.image8.2020_01_10","X11E","WT",4,2,FALSE,FALSE,FALSE,1,1
"X11E.Arhgef8.image9.2020_01_10","X11E","WT",4,2,FALSE,FALSE,FALSE,1,1
"X11E.Arhgef8.nextpart_image1_left.2020_01_10","X11E","WT",4,2,FALSE,FALSE,FALSE,1,1
"X11E.Arhgef8.nextpart_image1_right.2020_01_10","X11E","WT",4,2,FALSE,FALSE,FALSE,1,1
"X11E.Arhgef8.nextpart_image10_left.2020_01_10","X11E","WT",4,2,FALSE,FALSE,FALSE,1,1
"X11E.Arhgef8.nextpart_image11.2020_01_10","X11E","WT",4,2,FALSE,FALSE,FALSE,1,1
"X11E.Arhgef8.nextpart_image12.2020_01_10","X11E","WT",4,2,FALSE,FALSE,FALSE,1,1
"X11E.Arhgef8.nextpart_image13_right.2020_01_10","X11E","WT",4,2,FALSE,FALSE,FALSE,1,1
"X11E.Arhgef8.nextpart_image14.2020_01_10","X11E","WT",4,2,FALSE,FALSE,FALSE,1,1
"X11E.Arhgef8.nextpart_image15.2020_01_10","X11E","WT",4,2,FALSE,FALSE,FALSE,1,1
"X11E.Arhgef8.nextpart_image16.2020_01_10","X11E","WT",4,2,FALSE,FALSE,FALSE,1,1
"X11E.Arhgef8.nextpart_image2.2020_01_10","X11E","orientation perturbed",4,2,FALSE,TRUE,FALSE,1,1
"X11E.Arhgef8.nextpart_image3.2020_01_10","X11E","WT",4,2,FALSE,FALSE,FALSE,1,1
"X11E.Arhgef8.nextpart_image4.2020_01_10","X11E","WT",4,2,FALSE,FALSE,FALSE,1,1
"X11E.Arhgef8.nextpart_image5.2020_01_10","X11E","orientation perturbed",4,2,FALSE,TRUE,FALSE,1,1
"X11E.Arhgef8.nextpart_image6_left.2020_01_10","X11E","WT",4,2,FALSE,FALSE,FALSE,1,1
"X11E.Arhgef8.nextpart_image7_left.2020_01_10","X11E","WT",4,2,FALSE,FALSE,FALSE,1,1
"X11E.Arhgef8.nextpart_image7_right.2020_01_10","X11E","WT",4,2,FALSE,FALSE,FALSE,1,1
"X11E.Arhgef8.nextpart_image8.2020_01_10","X11E","WT",4,2,FALSE,FALSE,FALSE,1,1
"X11E.Arhgef8.nextpart_image9_right.2020_01_10","X11E","WT",4,2,FALSE,FALSE,FALSE,1,1
"X1C.NDE.image10_left.2020_06_17","X1C","WT",4,2,FALSE,FALSE,FALSE,1,1
"X1C.NDE.image10_right.2020_06_17","X1C","WT",4,2,FALSE,FALSE,FALSE,1,1
"X1C.NDE.image11_left.2020_06_17","X1C","WT",4,2,FALSE,FALSE,FALSE,1,1
"X1C.NDE.image11_right.2020_06_17","X1C","WT",4,2,FALSE,FALSE,FALSE,1,1
"X1C.NDE.image13.2020_06_17","X1C","WT",4,2,FALSE,FALSE,FALSE,1,1
"X1C.NDE.image15_right.2020_06_17","X1C","WT",4,2,FALSE,FALSE,FALSE,1,1
"X1C.NDE.image16.2020_06_17","X1C","WT",4,2,FALSE,FALSE,FALSE,1,1
"X1C.NDE.image17_left.2020_06_17","X1C","orientation perturbed",4,2,FALSE,TRUE,FALSE,1,1
"X1C.NDE.image19_left.2020_06_17","X1C","WT",4,2,FALSE,FALSE,FALSE,1,1
"X1C.NDE.image19_right.2020_06_17","X1C","WT",4,2,FALSE,FALSE,FALSE,1,1
"X1C.NDE.image2_left.2020_06_17","X1C","WT",4,2,FALSE,FALSE,FALSE,1,1
"X1C.NDE.image2_right.2020_06_17","X1C","WT",4,2,FALSE,FALSE,FALSE,1,1
"X1C.NDE.image20_left.2020_06_17","X1C","WT",4,2,FALSE,FALSE,FALSE,1,1
"X1C.NDE.image21_left.2020_06_17","X1C","WT",4,2,FALSE,FALSE,FALSE,1,1
"X1C.NDE.image21_right.2020_06_17","X1C","WT",4,2,FALSE,FALSE,FALSE,1,1
"X1C.NDE.image3_left.2020_06_17","X1C","WT",4,2,FALSE,FALSE,FALSE,1,1
"X1C.NDE.image4_left.2020_06_17","X1C","WT",4,2,FALSE,FALSE,FALSE,1,1
"X1C.NDE.image4_right.2020_06_17","X1C","WT",4,2,FALSE,FALSE,FALSE,1,1
"X1C.NDE.image5_left.2020_06_17","X1C","WT",4,2,FALSE,FALSE,FALSE,1,1
"X1C.NDE.image5_right.2020_06_17","X1C","WT",4,2,FALSE,FALSE,FALSE,1,1
"X1C.NDE.image6_left.2020_06_17","X1C","WT",4,2,FALSE,FALSE,FALSE,1,1
"X1C.NDE.image6_right.2020_06_17","X1C","WT",4,2,FALSE,FALSE,FALSE,1,1
"X1C.NDE.image8_left.2020_06_17","X1C","WT",4,2,FALSE,FALSE,FALSE,1,1
"X1C.NDE.image8_right.2020_06_17","X1C","WT",4,2,FALSE,FALSE,FALSE,1,1
"X1D.Paxillin.image1.2020_07_14","X1D","WT",4,2,FALSE,FALSE,FALSE,1,1
"X1D.Paxillin.image10.2020_07_14","X1D","WT",4,2,FALSE,FALSE,FALSE,1,1
"X1D.Paxillin.image11_right.2020_07_14","X1D","WT",4,2,FALSE,FALSE,FALSE,1,1
"X1D.Paxillin.image12.2020_07_14","X1D","WT",4,2,FALSE,FALSE,FALSE,1,1
"X1D.Paxillin.image13.2020_07_14","X1D","WT",4,2,FALSE,FALSE,FALSE,1,1
"X1D.Paxillin.image14_left.2020_07_14","X1D","division perturbed",4,2,FALSE,FALSE,TRUE,1,1
"X1D.Paxillin.image14_right.2020_07_14","X1D","WT",4,2,FALSE,FALSE,FALSE,1,1
"X1D.Paxillin.image15.2020_07_14","X1D","WT",4,2,FALSE,FALSE,FALSE,1,1
"X1D.Paxillin.image16.2020_07_14","X1D","WT",4,2,FALSE,FALSE,FALSE,1,1
"X1D.Paxillin.image17.2020_07_14","X1D","WT",4,2,FALSE,FALSE,FALSE,1,1
"X1D.Paxillin.image18_right.2020_07_14","X1D","WT",4,2,FALSE,FALSE,FALSE,1,1
"X1D.Paxillin.image19_left.2020_07_14","X1D","WT",4,2,FALSE,FALSE,FALSE,1,1
"X1D.Paxillin.image3.2020_07_14","X1D","WT",4,2,FALSE,FALSE,FALSE,1,1
"X1D.Paxillin.image6.2020_07_14","X1D","WT",4,2,FALSE,FALSE,FALSE,1,1
"X1D.Paxillin.image7.2020_07_14","X1D","WT",4,2,FALSE,FALSE,FALSE,1,1
"X1D.Paxillin.image8.2020_07_14","X1D","WT",4,2,FALSE,FALSE,FALSE,1,1
"X1D.Paxillin.image9_left.2020_07_14","X1D","WT",4,2,FALSE,FALSE,FALSE,1,1
"X1D.Paxillin.image9_right.2020_07_14","X1D","WT",4,2,FALSE,FALSE,FALSE,1,1
"X1D.Paxillin.slide1_image1_left.2019_08_29","X1D","WT",4,2,FALSE,FALSE,FALSE,1,1
"X1D.Paxillin.slide1_image12.2019_08_29","X1D","WT",4,2,FALSE,FALSE,FALSE,1,1
"X1D.Paxillin.slide1_image13_left.2019_08_29","X1D","WT",4,2,FALSE,FALSE,FALSE,1,1
"X1D.Paxillin.slide1_image13_right.2019_08_29","X1D","WT",4,2,FALSE,FALSE,FALSE,1,1
"X1D.Paxillin.slide1_image16.2019_08_29","X1D","WT",4,2,FALSE,FALSE,FALSE,1,1
"X1D.Paxillin.slide1_image19.2019_08_29","X1D","WT",4,2,FALSE,FALSE,FALSE,1,1
"X1D.Paxillin.slide1_image2.2019_08_29","X1D","WT",4,2,FALSE,FALSE,FALSE,1,1
"X1D.Paxillin.slide1_image21.2019_08_29","X1D","WT",4,2,FALSE,FALSE,FALSE,1,1
"X1D.Paxillin.slide1_image22.2019_08_29","X1D","WT",4,2,FALSE,FALSE,FALSE,1,1
"X1D.Paxillin.slide1_image23_left.2019_08_29","X1D","WT",4,2,FALSE,FALSE,FALSE,1,1
"X1D.Paxillin.slide1_image24.2019_08_29","X1D","WT",4,2,FALSE,FALSE,FALSE,1,1
"X1D.Paxillin.slide1_image26_left.2019_08_29","X1D","WT",4,2,FALSE,FALSE,FALSE,1,1
"X1D.Paxillin.slide1_image27.2019_08_29","X1D","WT",4,2,FALSE,FALSE,FALSE,1,1
"X1D.Paxillin.slide1_image28_left.2019_08_29","X1D","WT",4,2,FALSE,FALSE,FALSE,1,1
"X1D.Paxillin.slide1_image28_right.2019_08_29","X1D","WT",4,2,FALSE,FALSE,FALSE,1,1
"X1D.Paxillin.slide1_image30_left.2019_08_29","X1D","WT",4,2,FALSE,FALSE,FALSE,1,1
"X1D.Paxillin.slide1_image31_left.2019_08_29","X1D","WT",4,2,FALSE,FALSE,FALSE,1,1
"X1D.Paxillin.slide1_image31_right.2019_08_29","X1D","WT",4,2,FALSE,FALSE,FALSE,1,1
"X1D.Paxillin.slide1_image8.2019_08_29","X1D","WT",4,2,FALSE,FALSE,FALSE,1,1
"X1D.Paxillin.slide1_image9.2019_08_29","X1D","WT",4,2,FALSE,FALSE,FALSE,1,1
"X1D.Paxillin.slide2_image1.2019_08_29","X1D","orientation perturbed",4,2,FALSE,TRUE,FALSE,1,1
"X1D.Paxillin.slide2_image10.2019_08_29","X1D","WT",4,2,FALSE,FALSE,FALSE,1,1
"X1D.Paxillin.slide2_image12_left.2019_08_29","X1D","WT",4,2,FALSE,FALSE,FALSE,1,1
"X1D.Paxillin.slide2_image12_right.2019_08_29","X1D","WT",4,2,FALSE,FALSE,FALSE,1,1
"X1D.Paxillin.slide2_image14.2019_08_29","X1D","WT",4,2,FALSE,FALSE,FALSE,1,1
"X1D.Paxillin.slide2_image16_right.2019_08_29","X1D","WT",4,2,FALSE,FALSE,FALSE,1,1
"X1D.Paxillin.slide2_image17.2019_08_29","X1D","migration/orientation perturbed",4,2,TRUE,TRUE,FALSE,1,1
"X1D.Paxillin.slide2_image2_left.2019_08_29","X1D","WT",4,2,FALSE,FALSE,FALSE,1,1
"X1D.Paxillin.slide2_image21_left.2019_08_29","X1D","WT",4,2,FALSE,FALSE,FALSE,1,1
"X1D.Paxillin.slide2_image24_left.2019_08_29","X1D","WT",4,2,FALSE,FALSE,FALSE,1,1
"X1D.Paxillin.slide2_image24_right.2019_08_29","X1D","WT",4,2,FALSE,FALSE,FALSE,1,1
"X1D.Paxillin.slide2_image4.2019_08_29","X1D","WT",4,2,FALSE,FALSE,FALSE,1,1
"X1D.Paxillin.slide2_image6.2019_08_29","X1D","WT",4,2,FALSE,FALSE,FALSE,1,1
"X1D.Paxillin.slide2_image8_left.2019_08_29","X1D","WT",4,2,FALSE,FALSE,FALSE,1,1
"X1D.Paxillin.slide2_image9.2019_08_29","X1D","orientation perturbed",4,2,FALSE,TRUE,FALSE,1,1
"X2E.Rabep.image10.2020_07_14","X2E","WT",4,2,FALSE,FALSE,FALSE,1,1
"X2E.Rabep.image11.2020_07_14","X2E","WT",4,2,FALSE,FALSE,FALSE,1,1
"X2E.Rabep.image12_right.2020_07_14","X2E","WT",4,2,FALSE,FALSE,FALSE,1,1
"X2E.Rabep.image14.2020_07_14","X2E","WT",4,2,FALSE,FALSE,FALSE,1,1
"X2E.Rabep.image17.2020_07_14","X2E","WT",4,2,FALSE,FALSE,FALSE,1,1
"X2E.Rabep.image18_left.2020_07_14","X2E","WT",4,2,FALSE,FALSE,FALSE,1,1
"X2E.Rabep.image19.2020_07_14","X2E","WT",4,2,FALSE,FALSE,FALSE,1,1
"X2E.Rabep.image2.2020_07_14","X2E","WT",4,2,FALSE,FALSE,FALSE,1,1
"X2E.Rabep.image20.2020_07_14","X2E","WT",4,2,FALSE,FALSE,FALSE,1,1
"X2E.Rabep.image7_right.2020_07_14","X2E","WT",4,2,FALSE,FALSE,FALSE,1,1
"X3F.Gna12.13.image1.2020_01_10","X3F","WT",4,2,FALSE,FALSE,FALSE,1,1
"X3F.GNA12.13.image1.2020_06_17","X3F",NA,4,2,NA,NA,NA,1,1
"X3F.Gna12.13.image10.2020_01_10","X3F","WT",4,2,FALSE,FALSE,FALSE,1,1
"X3F.GNA12.13.image10.2020_06_17","X3F",NA,4,2,NA,NA,NA,1,1
"X3F.GNA12.13.image12.2020_06_17","X3F",NA,4,2,NA,NA,NA,1,1
"X3F.Gna12.13.image13.2020_01_10","X3F","WT",4,2,FALSE,FALSE,FALSE,1,1
"X3F.Gna12.13.image14.2020_01_10","X3F","WT",4,2,FALSE,FALSE,FALSE,1,1
"X3F.GNA12.13.image15_right.2020_06_17","X3F",NA,4,2,NA,NA,NA,1,1
"X3F.Gna12.13.image15.2020_01_10","X3F","WT",4,2,FALSE,FALSE,FALSE,1,1
"X3F.Gna12.13.image16.2020_01_10","X3F","orientation perturbed",4,2,FALSE,TRUE,FALSE,1,1
"X3F.Gna12.13.image2.2020_01_10","X3F","WT",4,2,FALSE,FALSE,FALSE,1,1
"X3F.Gna12.13.image3.2020_01_10","X3F","WT",4,2,FALSE,FALSE,FALSE,1,1
"X3F.Gna12.13.image4_left.2020_01_10","X3F","WT",4,2,FALSE,FALSE,FALSE,1,1
"X3F.Gna12.13.image4_right.2020_01_10","X3F","WT",4,2,FALSE,FALSE,FALSE,1,1
"X3F.GNA12.13.image4.2020_06_17","X3F",NA,4,2,NA,NA,NA,1,1
"X3F.GNA12.13.image5.2020_06_17","X3F",NA,4,2,NA,NA,NA,1,1
"X3F.Gna12.13.image7.2020_01_10","X3F","migration perturbed",4,2,TRUE,FALSE,FALSE,1,1
"X3F.GNA12.13.image7.2020_06_17","X3F",NA,4,2,NA,NA,NA,1,1
"X3F.Gna12.13.image9.2020_01_10","X3F","migration perturbed",4,2,TRUE,FALSE,FALSE,1,1
"X3G.Rock.image1_left.2020_07_23","X3G","WT",4,2,FALSE,FALSE,FALSE,1,1
"X3G.Rock.image1_right.2020_07_14","X3G","WT",4,2,FALSE,FALSE,FALSE,1,1
"X3G.Rock.image10.2020_07_14","X3G","division perturbed",4,2,FALSE,FALSE,TRUE,1,1
"X3G.Rock.image13_right.2020_07_14","X3G","WT",4,2,FALSE,FALSE,FALSE,1,1
"X3G.Rock.image14.2020_07_14","X3G","WT",4,2,FALSE,FALSE,FALSE,1,1
"X3G.Rock.image15.2020_07_14","X3G","orientation perturbed",4,2,FALSE,TRUE,FALSE,1,1
"X3G.Rock.image18_left.2020_07_14","X3G","WT",4,2,FALSE,FALSE,FALSE,1,1
"X3G.Rock.image19_right.2020_07_14","X3G","WT",4,2,FALSE,FALSE,FALSE,1,1
"X3G.Rock.image20_left.2020_07_14","X3G","WT",4,2,FALSE,FALSE,FALSE,1,1
"X3G.Rock.image20_right.2020_07_14","X3G","WT",4,2,FALSE,FALSE,FALSE,1,1
"X3G.Rock.image3.2020_07_23","X3G","WT",4,2,FALSE,FALSE,FALSE,1,1
"X3G.Rock.image4.2020_07_14","X3G","WT",4,2,FALSE,FALSE,FALSE,1,1
"X3G.Rock.image4.2020_07_23","X3G","WT",4,2,FALSE,FALSE,FALSE,1,1
"X3G.Rock.image6_right.2020_07_23","X3G","WT",4,2,FALSE,FALSE,FALSE,1,1
"X3G.Rock.image6.2020_07_14","X3G","WT",4,2,FALSE,FALSE,FALSE,1,1
"X3G.Rock.image7.2020_07_14","X3G","WT",4,2,FALSE,FALSE,FALSE,1,1
"X3G.Rock.image8_left.2020_07_14","X3G","WT",4,2,FALSE,FALSE,FALSE,1,1
"X3G.Rock.image8_right.2020_07_14","X3G","WT",4,2,FALSE,FALSE,FALSE,1,1
"X3G.Rock.image9.2020_07_14","X3G","WT",4,2,FALSE,FALSE,FALSE,1,1
"X4C.Daam.slide1_image1_left.2019_08_29","X4C","WT",4,2,FALSE,FALSE,FALSE,1,1
"X4C.Daam.slide1_image11.2019_08_29","X4C","WT",4,2,FALSE,FALSE,FALSE,1,1
"X4C.Daam.slide1_image14_right.2019_08_29","X4C","WT",4,2,FALSE,FALSE,FALSE,1,1
"X4C.Daam.slide1_image17_left.2019_08_29","X4C","WT",4,2,FALSE,FALSE,FALSE,1,1
"X4C.Daam.slide1_image2_right.2019_08_29","X4C","WT",4,2,FALSE,FALSE,FALSE,1,1
"X4C.Daam.slide1_image23.2019_08_29","X4C","WT",4,2,FALSE,FALSE,FALSE,1,1
"X4C.Daam.slide1_image25.2019_08_29","X4C","migration/orientation perturbed",4,2,TRUE,TRUE,FALSE,1,1
"X4C.Daam.slide1_image26_right.2019_08_29","X4C","WT",4,2,FALSE,FALSE,FALSE,1,1
"X4C.Daam.slide1_image28.2019_08_29","X4C","WT",4,2,FALSE,FALSE,FALSE,1,1
"X4C.Daam.slide1_image7_right.2019_08_29","X4C","WT",4,2,FALSE,FALSE,FALSE,1,1
"X4C.Daam.slide1_image8_left.2019_08_29","X4C","WT",4,2,FALSE,FALSE,FALSE,1,1
"X4C.Daam.slide2_image10_left.2019_08_29","X4C","WT",4,2,FALSE,FALSE,FALSE,1,1
"X4C.Daam.slide2_image12.2019_08_29","X4C","WT",4,2,FALSE,FALSE,FALSE,1,1
"X4C.Daam.slide2_image15.2019_08_29","X4C","orientation perturbed",4,2,FALSE,TRUE,FALSE,1,1
"X4C.Daam.slide2_image22.2019_08_29","X4C","orientation perturbed",4,2,FALSE,TRUE,FALSE,1,1
"X4C.Daam.slide2_image26_right.2019_08_29","X4C","WT",4,2,FALSE,FALSE,FALSE,1,1
"X4C.Daam.slide2_image27_left.2019_08_29","X4C","WT",4,2,FALSE,FALSE,FALSE,1,1
"X4C.Daam.slide2_image5.2019_08_29","X4C","orientation perturbed",4,2,FALSE,TRUE,FALSE,1,1
"X4C.Daam.slide2_image7.2019_08_29","X4C","orientation perturbed",4,2,FALSE,TRUE,FALSE,1,1
"X6G.Farp.image1_right.2020_01_10","X6G","orientation perturbed",4,2,FALSE,TRUE,FALSE,1,1
"X6G.Farp.image10_right.2020_06_17","X6G","WT",4,2,FALSE,FALSE,FALSE,1,1
"X6G.Farp.image10.2020_01_10","X6G","WT",4,2,FALSE,FALSE,FALSE,1,1
"X6G.Farp.image13_left.2020_01_10","X6G","WT",4,2,FALSE,FALSE,FALSE,1,1
"X6G.Farp.image14_right.2020_01_10","X6G","WT",4,2,FALSE,FALSE,FALSE,1,1
"X6G.Farp.image15.2020_01_10","X6G","WT",4,2,FALSE,FALSE,FALSE,1,1
"X6G.Farp.image16_right.2020_01_10","X6G","WT",4,2,FALSE,FALSE,FALSE,1,1
"X6G.Farp.image19_right.2020_01_10","X6G","WT",4,2,FALSE,FALSE,FALSE,1,1
"X6G.Farp.image2_left.2020_01_10","X6G","WT",4,2,FALSE,FALSE,FALSE,1,1
"X6G.Farp.image20.2020_01_10","X6G","WT",4,2,FALSE,FALSE,FALSE,1,1
"X6G.Farp.image22_left.2020_01_10","X6G","WT",4,2,FALSE,FALSE,FALSE,1,1
"X6G.Farp.image23.2020_01_10","X6G","WT",4,2,FALSE,FALSE,FALSE,1,1
"X6G.Farp.image24_left.2020_01_10","X6G","WT",4,2,FALSE,FALSE,FALSE,1,1
"X6G.Farp.image24_right.2020_01_10","X6G","WT",4,2,FALSE,FALSE,FALSE,1,1
"X6G.Farp.image25_left.2020_01_10","X6G","WT",4,2,FALSE,FALSE,FALSE,1,1
"X6G.Farp.image25_right.2020_01_10","X6G","WT",4,2,FALSE,FALSE,FALSE,1,1
"X6G.Farp.image26.2020_01_10","X6G","WT",4,2,FALSE,FALSE,FALSE,1,1
"X6G.Farp.image27.2020_01_10","X6G","orientation perturbed",4,2,FALSE,TRUE,FALSE,1,1
"X6G.Farp.image28.2020_01_10","X6G","WT",4,2,FALSE,FALSE,FALSE,1,1
"X6G.Farp.image29.2020_01_10","X6G","WT",4,2,FALSE,FALSE,FALSE,1,1
"X6G.Farp.image4_left.2020_01_10","X6G","WT",4,2,FALSE,FALSE,FALSE,1,1
"X6G.Farp.image4_left.2020_06_17","X6G","WT",4,2,FALSE,FALSE,FALSE,1,1
"X6G.Farp.image4_right.2020_06_17","X6G","WT",4,2,FALSE,FALSE,FALSE,1,1
"X6G.Farp.image6.2020_01_10","X6G","WT",4,2,FALSE,FALSE,FALSE,1,1
"X6G.Farp.image7_left.2020_06_17","X6G","WT",4,2,FALSE,FALSE,FALSE,1,1
"X6G.Farp.image7_right.2020_06_17","X6G","WT",4,2,FALSE,FALSE,FALSE,1,1
"X7D.EPB4.1.image4.2020_06_17","X7D",NA,4,2,NA,NA,NA,1,1
"X7D.EPB4.1.image6.2020_06_17","X7D",NA,4,2,NA,NA,NA,1,1
"X7D.EPB4.1.image9_right.2020_06_17","X7D",NA,4,2,NA,NA,NA,1,1
"X7H.ADF.Cofilin.slide1_image1_left.2019_08_29","X7H","WT",4,2,FALSE,FALSE,FALSE,1,1
"X7H.ADF.Cofilin.slide1_image1_right.2019_08_29","X7H","WT",4,2,FALSE,FALSE,FALSE,1,1
"X7H.ADF.Cofilin.slide1_image10.2019_08_29","X7H","WT",4,2,FALSE,FALSE,FALSE,1,1
"X7H.ADF.Cofilin.slide1_image14_left.2019_08_29","X7H","WT",4,2,FALSE,FALSE,FALSE,1,1
"X7H.ADF.Cofilin.slide1_image15.2019_08_29","X7H","WT",4,2,FALSE,FALSE,FALSE,1,1
"X7H.ADF.Cofilin.slide1_image16.2019_08_29","X7H","WT",4,2,FALSE,FALSE,FALSE,1,1
"X7H.ADF.Cofilin.slide1_image17_left.2019_08_29","X7H","WT",4,2,FALSE,FALSE,FALSE,1,1
"X7H.ADF.Cofilin.slide1_image17_right.2019_08_29","X7H","WT",4,2,FALSE,FALSE,FALSE,1,1
"X7H.ADF.Cofilin.slide1_image18_right.2019_08_29","X7H","WT",4,2,FALSE,FALSE,FALSE,1,1
"X7H.ADF.Cofilin.slide1_image19_left.2019_08_29","X7H","WT",4,2,FALSE,FALSE,FALSE,1,1
"X7H.ADF.Cofilin.slide1_image19_right.2019_08_29","X7H","WT",4,2,FALSE,FALSE,FALSE,1,1
"X7H.ADF.Cofilin.slide1_image20_left.2019_08_29","X7H","WT",4,2,FALSE,FALSE,FALSE,1,1
"X7H.ADF.Cofilin.slide1_image25_left.2019_08_29","X7H","WT",4,2,FALSE,FALSE,FALSE,1,1
"X7H.ADF.Cofilin.slide1_image28_right.2019_08_29","X7H","WT",4,2,FALSE,FALSE,FALSE,1,1
"X7H.ADF.Cofilin.slide1_image4_right.2019_08_29","X7H","WT",4,2,FALSE,FALSE,FALSE,1,1
"X7H.ADF.Cofilin.slide1_image40_left.2019_08_29","X7H","WT",4,2,FALSE,FALSE,FALSE,1,1
"X7H.ADF.Cofilin.slide1_image40_right.2019_08_29","X7H","WT",4,2,FALSE,FALSE,FALSE,1,1
"X7H.ADF.Cofilin.slide1_image43.2019_08_29","X7H","WT",4,2,FALSE,FALSE,FALSE,1,1
"X7H.ADF.Cofilin.slide1_image45_right.2019_08_29","X7H","WT",4,2,FALSE,FALSE,FALSE,1,1
"X7H.ADF.Cofilin.slide1_image46.2019_08_29","X7H","WT",4,2,FALSE,FALSE,FALSE,1,1
"X7H.ADF.Cofilin.slide1_image49.2019_08_29","X7H","WT",4,2,FALSE,FALSE,FALSE,1,1
"X7H.ADF.Cofilin.slide1_image6.2019_08_29","X7H","WT",4,2,FALSE,FALSE,FALSE,1,1
"X7H.ADF.Cofilin.slide1_image7.2019_08_29","X7H","WT",4,2,FALSE,FALSE,FALSE,1,1
"X7H.ADF.Cofilin.slide2_image11_left.2019_08_29","X7H","orientation perturbed",4,2,FALSE,TRUE,FALSE,1,1
"X7H.ADF.Cofilin.slide2_image11_right.2019_08_29","X7H","WT",4,2,FALSE,FALSE,FALSE,1,1
"X7H.ADF.Cofilin.slide2_image13_left.2019_08_29","X7H","WT",4,2,FALSE,FALSE,FALSE,1,1
"X7H.ADF.Cofilin.slide2_image14_left.2019_08_29","X7H","WT",4,2,FALSE,FALSE,FALSE,1,1
"X7H.ADF.Cofilin.slide2_image14_right.2019_08_29","X7H","WT",4,2,FALSE,FALSE,FALSE,1,1
"X7H.ADF.Cofilin.slide2_image2_right.2019_08_29","X7H","division perturbed",4,2,FALSE,FALSE,TRUE,1,1
"X7H.ADF.Cofilin.slide2_image20.2019_08_29","X7H","WT",4,2,FALSE,FALSE,FALSE,1,1
"X7H.ADF.Cofilin.slide2_image25.2019_08_29","X7H","WT",4,2,FALSE,FALSE,FALSE,1,1
"X7H.ADF.Cofilin.slide2_image27.2019_08_29","X7H","WT",4,2,FALSE,FALSE,FALSE,1,1
"X7H.ADF.Cofilin.slide2_image28.2019_08_29","X7H","WT",4,2,FALSE,FALSE,FALSE,1,1
"X7H.ADF.Cofilin.slide2_image29_right.2019_08_29","X7H","WT",4,2,FALSE,FALSE,FALSE,1,1
"X7H.ADF.Cofilin.slide2_image31_left.2019_08_29","X7H","WT",4,2,FALSE,FALSE,FALSE,1,1
"X7H.ADF.Cofilin.slide2_image32_left.2019_08_29","X7H","WT",4,2,FALSE,FALSE,FALSE,1,1
"X7H.ADF.Cofilin.slide2_image33_left.2019_08_29","X7H","WT",4,2,FALSE,FALSE,FALSE,1,1
"X7H.ADF.Cofilin.slide2_image4_right.2019_08_29","X7H","WT",4,2,FALSE,FALSE,FALSE,1,1
"X7H.ADF.Cofilin.slide2_image9_left.2019_08_29","X7H","WT",4,2,FALSE,FALSE,FALSE,1,1
"X7H.ADF.Cofilin.slide2_image9_right.2019_08_29","X7H","WT",4,2,FALSE,FALSE,FALSE,1,1
"X8H.GNA.L.S.image10.2020_06_17","X8H","WT",4,2,FALSE,FALSE,FALSE,1,1
"X8H.GNA.L.S.image11.2020_06_17","X8H","WT",4,2,FALSE,FALSE,FALSE,1,1
"X8H.GNA.L.S.image12_left.2020_06_17","X8H","WT",4,2,FALSE,FALSE,FALSE,1,1
"X8H.GNA.L.S.image14_left.2020_06_17","X8H","WT",4,2,FALSE,FALSE,FALSE,1,1
"X8H.GNA.L.S.image15_left.2020_06_17","X8H","WT",4,2,FALSE,FALSE,FALSE,1,1
"X8H.GNA.L.S.image17_left.2020_06_17","X8H","WT",4,2,FALSE,FALSE,FALSE,1,1
"X8H.GNA.L.S.image18.2020_06_17","X8H","WT",4,2,FALSE,FALSE,FALSE,1,1
"X8H.GNA.L.S.image19_left.2020_06_17","X8H","WT",4,2,FALSE,FALSE,FALSE,1,1
"X8H.GNA.L.S.image19_right.2020_06_17","X8H","WT",4,2,FALSE,FALSE,FALSE,1,1
"X8H.GNA.L.S.image20_left.2020_06_17","X8H","WT",4,2,FALSE,FALSE,FALSE,1,1
"X8H.GNA.L.S.image3_left.2020_06_17","X8H","WT",4,2,FALSE,FALSE,FALSE,1,1
"X8H.GNA.L.S.image3_right.2020_06_17","X8H","WT",4,2,FALSE,FALSE,FALSE,1,1
"X8H.GNA.L.S.image6_right.2020_06_17","X8H","WT",4,2,FALSE,FALSE,FALSE,1,1
